dateTime,analogValue
2015-12-20 17:02:58.378820,
2015-12-20 17:02:58.388969,
2015-12-20 17:02:58.399861,
2015-12-20 17:02:58.410595,
2015-12-20 17:02:58.421551,
2015-12-20 17:02:58.434237,
2015-12-20 17:02:58.447067,
2015-12-20 17:02:58.459899,
2015-12-20 17:02:58.472727,
2015-12-20 17:02:58.484023,
2015-12-20 17:02:58.496798,
2015-12-20 17:02:58.508843,
2015-12-20 17:02:58.521674,
2015-12-20 17:02:58.534505,
2015-12-20 17:02:58.547343,
2015-12-20 17:02:58.560175,
2015-12-20 17:02:58.573007,
2015-12-20 17:02:58.585842,
2015-12-20 17:02:58.598671,
2015-12-20 17:02:58.611536,
2015-12-20 17:02:58.624378,
2015-12-20 17:02:58.637208,
2015-12-20 17:02:58.650059,
2015-12-20 17:02:58.662323,
2015-12-20 17:02:58.674118,
2015-12-20 17:02:58.686825,
2015-12-20 17:02:58.699659,
2015-12-20 17:02:58.710655,
2015-12-20 17:02:58.723488,
2015-12-20 17:02:58.736323,
2015-12-20 17:02:58.746855,
2015-12-20 17:02:58.759686,
2015-12-20 17:02:58.772529,
2015-12-20 17:02:58.785368,
2015-12-20 17:02:58.798044,
2015-12-20 17:02:58.810877,
2015-12-20 17:02:58.823711,
2015-12-20 17:02:58.836544,
2015-12-20 17:02:58.849380,
2015-12-20 17:02:58.862215,
2015-12-20 17:02:58.875024,
2015-12-20 17:02:58.887768,
2015-12-20 17:02:58.899694,
2015-12-20 17:02:58.912530,
2015-12-20 17:02:58.925412,
2015-12-20 17:02:58.938236,
2015-12-20 17:02:58.951069,
2015-12-20 17:02:58.963896,
2015-12-20 17:02:58.976731,
2015-12-20 17:02:58.989566,
2015-12-20 17:02:58.999933,
2015-12-20 17:02:59.012676,
2015-12-20 17:02:59.025511,
2015-12-20 17:02:59.038343,
2015-12-20 17:02:59.051182,
2015-12-20 17:02:59.063573,
2015-12-20 17:02:59.076412,
2015-12-20 17:02:59.087095,
2015-12-20 17:02:59.099832,
2015-12-20 17:02:59.112663,
2015-12-20 17:02:59.125514,
2015-12-20 17:02:59.138370,
2015-12-20 17:02:59.151203,
2015-12-20 17:02:59.163578,
2015-12-20 17:02:59.176414,
2015-12-20 17:02:59.189270,
2015-12-20 17:02:59.202107,
2015-12-20 17:02:59.213559,
2015-12-20 17:02:59.226389,
2015-12-20 17:02:59.239223,
2015-12-20 17:02:59.252070,
2015-12-20 17:02:59.263541,
2015-12-20 17:02:59.276377,
2015-12-20 17:02:59.289210,
2015-12-20 17:02:59.302044,
2015-12-20 17:02:59.313609,
2015-12-20 17:02:59.326348,
2015-12-20 17:02:59.339177,
2015-12-20 17:02:59.352004,
2015-12-20 17:02:59.363613,
2015-12-20 17:02:59.376445,
2015-12-20 17:02:59.389276,
2015-12-20 17:02:59.402123,
2015-12-20 17:02:59.414943,
2015-12-20 17:02:59.427767,
2015-12-20 17:02:59.440598,
2015-12-20 17:02:59.453425,
2015-12-20 17:02:59.466256,
2015-12-20 17:02:59.479089,
2015-12-20 17:02:59.491922,
2015-12-20 17:02:59.504754,
2015-12-20 17:02:59.517505,
2015-12-20 17:02:59.527875,
2015-12-20 17:02:59.540551,
2015-12-20 17:02:59.553386,
2015-12-20 17:02:59.566221,
2015-12-20 17:02:59.579055,
2015-12-20 17:02:59.591891,
2015-12-20 17:02:59.604721,
2015-12-20 17:02:59.617569,
2015-12-20 17:02:59.630300,
2015-12-20 17:02:59.643133,
2015-12-20 17:02:59.655996,
2015-12-20 17:02:59.668830,
2015-12-20 17:02:59.681670,
2015-12-20 17:02:59.694505,
2015-12-20 17:02:59.707335,
2015-12-20 17:02:59.720172,
2015-12-20 17:02:59.732997,
2015-12-20 17:02:59.745834,
2015-12-20 17:02:59.758662,
2015-12-20 17:02:59.771496,
2015-12-20 17:02:59.784329,
2015-12-20 17:02:59.796985,
2015-12-20 17:02:59.809835,
2015-12-20 17:02:59.822666,
2015-12-20 17:02:59.835500,
2015-12-20 17:02:59.848333,
2015-12-20 17:02:59.861160,
2015-12-20 17:02:59.873989,
2015-12-20 17:02:59.886816,
2015-12-20 17:02:59.899650,
2015-12-20 17:02:59.912485,
2015-12-20 17:02:59.925223,
2015-12-20 17:02:59.938057,
2015-12-20 17:02:59.950892,
2015-12-20 17:02:59.963674,
2015-12-20 17:02:59.976506,
2015-12-20 17:02:59.989335,
2015-12-20 17:03:00.002166,
2015-12-20 17:03:00.013685,106
2015-12-20 17:03:00.026701,106
2015-12-20 17:03:00.039701,106
2015-12-20 17:03:00.050264,106
2015-12-20 17:03:00.066095,106
2015-12-20 17:03:00.076614,106
2015-12-20 17:03:00.086885,106
2015-12-20 17:03:00.097857,105
2015-12-20 17:03:00.113422,106
2015-12-20 17:03:00.125829,106
2015-12-20 17:03:00.136181,105
2015-12-20 17:03:00.147051,105
2015-12-20 17:03:00.165517,106
2015-12-20 17:03:00.178287,105
2015-12-20 17:03:00.188629,104
2015-12-20 17:03:00.198908,106
2015-12-20 17:03:00.213714,104
2015-12-20 17:03:00.224174,105
2015-12-20 17:03:00.234435,106
2015-12-20 17:03:00.245061,105
2015-12-20 17:03:00.262171,106
2015-12-20 17:03:00.272995,106
2015-12-20 17:03:00.285654,105
2015-12-20 17:03:00.296362,105
2015-12-20 17:03:00.311030,105
2015-12-20 17:03:00.321241,105
2015-12-20 17:03:00.331682,106
2015-12-20 17:03:00.342529,106
2015-12-20 17:03:00.360787,106
2015-12-20 17:03:00.371043,106
2015-12-20 17:03:00.381976,105
2015-12-20 17:03:00.392742,106
2015-12-20 17:03:00.408347,105
2015-12-20 17:03:00.418482,106
2015-12-20 17:03:00.428790,105
2015-12-20 17:03:00.438923,106
2015-12-20 17:03:00.452055,106
2015-12-20 17:03:00.463590,105
2015-12-20 17:03:00.473732,105
2015-12-20 17:03:00.483914,106
2015-12-20 17:03:00.494831,105
2015-12-20 17:03:00.506634,105
2015-12-20 17:03:00.516807,105
2015-12-20 17:03:00.526941,105
2015-12-20 17:03:00.537115,105
2015-12-20 17:03:00.547613,106
2015-12-20 17:03:00.559902,105
2015-12-20 17:03:00.572156,106
2015-12-20 17:03:00.582365,105
2015-12-20 17:03:00.593761,106
2015-12-20 17:03:00.604261,105
2015-12-20 17:03:00.616874,105
2015-12-20 17:03:00.627026,105
2015-12-20 17:03:00.637735,106
2015-12-20 17:03:00.649064,105
2015-12-20 17:03:00.659265,105
2015-12-20 17:03:00.669391,106
2015-12-20 17:03:00.680307,106
2015-12-20 17:03:00.690993,106
2015-12-20 17:03:00.703225,105
2015-12-20 17:03:00.714878,105
2015-12-20 17:03:00.726836,106
2015-12-20 17:03:00.739486,106
2015-12-20 17:03:00.752112,107
2015-12-20 17:03:00.762242,106
2015-12-20 17:03:00.772991,106
2015-12-20 17:03:00.783252,105
2015-12-20 17:03:00.793387,105
2015-12-20 17:03:00.804979,106
2015-12-20 17:03:00.815288,105
2015-12-20 17:03:00.825941,104
2015-12-20 17:03:00.836164,106
2015-12-20 17:03:00.846589,106
2015-12-20 17:03:00.856956,105
2015-12-20 17:03:00.869890,106
2015-12-20 17:03:00.880416,106
2015-12-20 17:03:00.890740,106
2015-12-20 17:03:00.900955,105
2015-12-20 17:03:00.913585,106
2015-12-20 17:03:00.924556,106
2015-12-20 17:03:00.936784,105
2015-12-20 17:03:00.947070,106
2015-12-20 17:03:00.957780,105
2015-12-20 17:03:00.968781,105
2015-12-20 17:03:00.980446,106
2015-12-20 17:03:00.990767,105
2015-12-20 17:03:01.000945,105
2015-12-20 17:03:01.013972,105
2015-12-20 17:03:01.026021,106
2015-12-20 17:03:01.036238,105
2015-12-20 17:03:01.046529,106
2015-12-20 17:03:01.059592,106
2015-12-20 17:03:01.069852,106
2015-12-20 17:03:01.080175,106
2015-12-20 17:03:01.092237,106
2015-12-20 17:03:01.106802,106
2015-12-20 17:03:01.117016,106
2015-12-20 17:03:01.127195,105
2015-12-20 17:03:01.137489,106
2015-12-20 17:03:01.147951,105
2015-12-20 17:03:01.161997,106
2015-12-20 17:03:01.172136,105
2015-12-20 17:03:01.182753,105
2015-12-20 17:03:01.193766,106
2015-12-20 17:03:01.211606,106
2015-12-20 17:03:01.221939,105
2015-12-20 17:03:01.234722,106
2015-12-20 17:03:01.245286,105
2015-12-20 17:03:01.261057,106
2015-12-20 17:03:01.271220,106
2015-12-20 17:03:01.283923,105
2015-12-20 17:03:01.294444,105
2015-12-20 17:03:01.310646,105
2015-12-20 17:03:01.320848,105
2015-12-20 17:03:01.331421,106
2015-12-20 17:03:01.342291,105
2015-12-20 17:03:01.359740,106
2015-12-20 17:03:01.369976,105
2015-12-20 17:03:01.380913,106
2015-12-20 17:03:01.391320,106
2015-12-20 17:03:01.403803,105
2015-12-20 17:03:01.415249,106
2015-12-20 17:03:01.425398,106
2015-12-20 17:03:01.436629,105
2015-12-20 17:03:01.447637,105
2015-12-20 17:03:01.460385,105
2015-12-20 17:03:01.470613,105
2015-12-20 17:03:01.481075,106
2015-12-20 17:03:01.491370,106
2015-12-20 17:03:01.507357,105
2015-12-20 17:03:01.518411,105
2015-12-20 17:03:01.529051,105
2015-12-20 17:03:01.539272,105
2015-12-20 17:03:01.555845,106
2015-12-20 17:03:01.566871,105
2015-12-20 17:03:01.579619,106
2015-12-20 17:03:01.590164,105
2015-12-20 17:03:01.602824,106
2015-12-20 17:03:01.613831,105
2015-12-20 17:03:01.624184,106
2015-12-20 17:03:01.634582,105
2015-12-20 17:03:01.651576,106
2015-12-20 17:03:01.661798,105
2015-12-20 17:03:01.672300,105
2015-12-20 17:03:01.683277,105
2015-12-20 17:03:01.700560,105
2015-12-20 17:03:01.711008,106
2015-12-20 17:03:01.721345,105
2015-12-20 17:03:01.732069,106
2015-12-20 17:03:01.747705,107
2015-12-20 17:03:01.760186,105
2015-12-20 17:03:01.770462,105
2015-12-20 17:03:01.780768,105
2015-12-20 17:03:01.799097,107
2015-12-20 17:03:01.809307,106
2015-12-20 17:03:01.819694,105
2015-12-20 17:03:01.830082,105
2015-12-20 17:03:01.847206,105
2015-12-20 17:03:01.858409,106
2015-12-20 17:03:01.868876,106
2015-12-20 17:03:01.880054,106
2015-12-20 17:03:01.895269,106
2015-12-20 17:03:01.905413,105
2015-12-20 17:03:01.915890,105
2015-12-20 17:03:01.926270,106
2015-12-20 17:03:01.942947,105
2015-12-20 17:03:01.953099,105
2015-12-20 17:03:01.963716,105
2015-12-20 17:03:01.974734,106
2015-12-20 17:03:01.992464,105
2015-12-20 17:03:02.004205,105
2015-12-20 17:03:02.016931,106
2015-12-20 17:03:02.027251,106
2015-12-20 17:03:02.038358,105
2015-12-20 17:03:02.049594,106
2015-12-20 17:03:02.059849,105
2015-12-20 17:03:02.070217,105
2015-12-20 17:03:02.083362,106
2015-12-20 17:03:02.095867,105
2015-12-20 17:03:02.106222,105
2015-12-20 17:03:02.116545,105
2015-12-20 17:03:02.127810,105
2015-12-20 17:03:02.137967,105
2015-12-20 17:03:02.149042,106
2015-12-20 17:03:02.159284,105
2015-12-20 17:03:02.169505,106
2015-12-20 17:03:02.180459,106
2015-12-20 17:03:02.193101,104
2015-12-20 17:03:02.203515,106
2015-12-20 17:03:02.213871,106
2015-12-20 17:03:02.226933,106
2015-12-20 17:03:02.239440,106
2015-12-20 17:03:02.249789,105
2015-12-20 17:03:02.260136,105
2015-12-20 17:03:02.279363,105
2015-12-20 17:03:02.292104,106
2015-12-20 17:03:02.304845,105
2015-12-20 17:03:02.316474,105
2015-12-20 17:03:02.329249,105
2015-12-20 17:03:02.339570,105
2015-12-20 17:03:02.349961,105
2015-12-20 17:03:02.360423,105
2015-12-20 17:03:02.378547,105
2015-12-20 17:03:02.390901,106
2015-12-20 17:03:02.401514,105
2015-12-20 17:03:02.411840,105
2015-12-20 17:03:02.428023,105
2015-12-20 17:03:02.438139,106
2015-12-20 17:03:02.450834,106
2015-12-20 17:03:02.461350,106
2015-12-20 17:03:02.477741,105
2015-12-20 17:03:02.488053,105
2015-12-20 17:03:02.500807,106
2015-12-20 17:03:02.511232,106
2015-12-20 17:03:02.527842,106
2015-12-20 17:03:02.538022,106
2015-12-20 17:03:02.550606,106
2015-12-20 17:03:02.561373,107
2015-12-20 17:03:02.576870,105
2015-12-20 17:03:02.587148,105
2015-12-20 17:03:02.599842,106
2015-12-20 17:03:02.611061,106
2015-12-20 17:03:02.627342,106
2015-12-20 17:03:02.637497,106
2015-12-20 17:03:02.648600,105
2015-12-20 17:03:02.658919,106
2015-12-20 17:03:02.674618,105
2015-12-20 17:03:02.684876,106
2015-12-20 17:03:02.697586,106
2015-12-20 17:03:02.708131,106
2015-12-20 17:03:02.723543,105
2015-12-20 17:03:02.733708,106
2015-12-20 17:03:02.743922,106
2015-12-20 17:03:02.755556,105
2015-12-20 17:03:02.772624,105
2015-12-20 17:03:02.782781,106
2015-12-20 17:03:02.793015,105
2015-12-20 17:03:02.804262,104
2015-12-20 17:03:02.821748,105
2015-12-20 17:03:02.833033,105
2015-12-20 17:03:02.843342,106
2015-12-20 17:03:02.853982,107
2015-12-20 17:03:02.870932,106
2015-12-20 17:03:02.882272,107
2015-12-20 17:03:02.892537,104
2015-12-20 17:03:02.903022,105
2015-12-20 17:03:02.919582,105
2015-12-20 17:03:02.930670,106
2015-12-20 17:03:02.941024,106
2015-12-20 17:03:02.951704,107
2015-12-20 17:03:02.966740,105
2015-12-20 17:03:02.979434,105
2015-12-20 17:03:02.989957,105
2015-12-20 17:03:03.000233,106
2015-12-20 17:03:03.013733,107
2015-12-20 17:03:03.025738,106
2015-12-20 17:03:03.036178,105
2015-12-20 17:03:03.046503,105
2015-12-20 17:03:03.058190,106
2015-12-20 17:03:03.070801,105
2015-12-20 17:03:03.082728,106
2015-12-20 17:03:03.093038,106
2015-12-20 17:03:03.103257,106
2015-12-20 17:03:03.115737,105
2015-12-20 17:03:03.128145,105
2015-12-20 17:03:03.138604,105
2015-12-20 17:03:03.149094,106
2015-12-20 17:03:03.161090,105
2015-12-20 17:03:03.173203,107
2015-12-20 17:03:03.183847,105
2015-12-20 17:03:03.194147,104
2015-12-20 17:03:03.205895,107
2015-12-20 17:03:03.218250,107
2015-12-20 17:03:03.230603,105
2015-12-20 17:03:03.240901,103
2015-12-20 17:03:03.251303,107
2015-12-20 17:03:03.264841,106
2015-12-20 17:03:03.275668,105
2015-12-20 17:03:03.285965,107
2015-12-20 17:03:03.296450,106
2015-12-20 17:03:03.314066,105
2015-12-20 17:03:03.324434,106
2015-12-20 17:03:03.337093,105
2015-12-20 17:03:03.347704,104
2015-12-20 17:03:03.362696,105
2015-12-20 17:03:03.373804,105
2015-12-20 17:03:03.386353,109
2015-12-20 17:03:03.397645,105
2015-12-20 17:03:03.411972,106
2015-12-20 17:03:03.422162,105
2015-12-20 17:03:03.434945,105
2015-12-20 17:03:03.446039,104
2015-12-20 17:03:03.461328,108
2015-12-20 17:03:03.474005,106
2015-12-20 17:03:03.484289,106
2015-12-20 17:03:03.494765,105
2015-12-20 17:03:03.510346,103
2015-12-20 17:03:03.520572,106
2015-12-20 17:03:03.530722,106
2015-12-20 17:03:03.541101,107
2015-12-20 17:03:03.558087,103
2015-12-20 17:03:03.570431,107
2015-12-20 17:03:03.583240,106
2015-12-20 17:03:03.594397,105
2015-12-20 17:03:03.608336,106
2015-12-20 17:03:03.618743,106
2015-12-20 17:03:03.630583,105
2015-12-20 17:03:03.641009,105
2015-12-20 17:03:03.657568,106
2015-12-20 17:03:03.667978,106
2015-12-20 17:03:03.680724,105
2015-12-20 17:03:03.691129,107
2015-12-20 17:03:03.709288,105
2015-12-20 17:03:03.719463,104
2015-12-20 17:03:03.730127,104
2015-12-20 17:03:03.741576,105
2015-12-20 17:03:03.755893,106
2015-12-20 17:03:03.766998,106
2015-12-20 17:03:03.777244,106
2015-12-20 17:03:03.787762,105
2015-12-20 17:03:03.801604,106
2015-12-20 17:03:03.812068,105
2015-12-20 17:03:03.822215,105
2015-12-20 17:03:03.832606,105
2015-12-20 17:03:03.844407,106
2015-12-20 17:03:03.854720,105
2015-12-20 17:03:03.867399,106
2015-12-20 17:03:03.877757,105
2015-12-20 17:03:03.889854,105
2015-12-20 17:03:03.901165,106
2015-12-20 17:03:03.912451,106
2015-12-20 17:03:03.925177,105
2015-12-20 17:03:03.936970,105
2015-12-20 17:03:03.948034,105
2015-12-20 17:03:03.959631,106
2015-12-20 17:03:03.969907,105
2015-12-20 17:03:03.980194,106
2015-12-20 17:03:03.993592,105
2015-12-20 17:03:04.003757,105
2015-12-20 17:03:04.016473,105
2015-12-20 17:03:04.027179,106
2015-12-20 17:03:04.045619,105
2015-12-20 17:03:04.055904,105
2015-12-20 17:03:04.068549,105
2015-12-20 17:03:04.079038,106
2015-12-20 17:03:04.090574,106
2015-12-20 17:03:04.100871,105
2015-12-20 17:03:04.113193,106
2015-12-20 17:03:04.123502,105
2015-12-20 17:03:04.139615,105
2015-12-20 17:03:04.150310,106
2015-12-20 17:03:04.160715,105
2015-12-20 17:03:04.171275,106
2015-12-20 17:03:04.188151,106
2015-12-20 17:03:04.200429,105
2015-12-20 17:03:04.210691,107
2015-12-20 17:03:04.222050,106
2015-12-20 17:03:04.238030,105
2015-12-20 17:03:04.250371,106
2015-12-20 17:03:04.260628,106
2015-12-20 17:03:04.272588,106
2015-12-20 17:03:04.288049,105
2015-12-20 17:03:04.299558,105
2015-12-20 17:03:04.309750,106
2015-12-20 17:03:04.320366,105
2015-12-20 17:03:04.336841,105
2015-12-20 17:03:04.347515,106
2015-12-20 17:03:04.357783,105
2015-12-20 17:03:04.368684,106
2015-12-20 17:03:04.385229,107
2015-12-20 17:03:04.397527,105
2015-12-20 17:03:04.407933,106
2015-12-20 17:03:04.418514,106
2015-12-20 17:03:04.435068,106
2015-12-20 17:03:04.447039,105
2015-12-20 17:03:04.457526,105
2015-12-20 17:03:04.467993,105
2015-12-20 17:03:04.483250,106
2015-12-20 17:03:04.496174,105
2015-12-20 17:03:04.506503,105
2015-12-20 17:03:04.516855,105
2015-12-20 17:03:04.533032,105
2015-12-20 17:03:04.545350,106
2015-12-20 17:03:04.555787,106
2015-12-20 17:03:04.566732,106
2015-12-20 17:03:04.580150,106
2015-12-20 17:03:04.590315,105
2015-12-20 17:03:04.602734,106
2015-12-20 17:03:04.613223,105
2015-12-20 17:03:04.630653,105
2015-12-20 17:03:04.640920,106
2015-12-20 17:03:04.651925,106
2015-12-20 17:03:04.662614,105
2015-12-20 17:03:04.679572,105
2015-12-20 17:03:04.689719,106
2015-12-20 17:03:04.701012,105
2015-12-20 17:03:04.711730,106
2015-12-20 17:03:04.729149,105
2015-12-20 17:03:04.739339,105
2015-12-20 17:03:04.750127,106
2015-12-20 17:03:04.761211,106
2015-12-20 17:03:04.779351,105
2015-12-20 17:03:04.790960,105
2015-12-20 17:03:04.803452,106
2015-12-20 17:03:04.814078,106
2015-12-20 17:03:04.830849,106
2015-12-20 17:03:04.841166,105
2015-12-20 17:03:04.852729,105
2015-12-20 17:03:04.863559,105
2015-12-20 17:03:04.878343,105
2015-12-20 17:03:04.888530,105
2015-12-20 17:03:04.901283,106
2015-12-20 17:03:04.911584,105
2015-12-20 17:03:04.927416,106
2015-12-20 17:03:04.937738,106
2015-12-20 17:03:04.950486,106
2015-12-20 17:03:04.961034,106
2015-12-20 17:03:04.974655,106
2015-12-20 17:03:04.984786,106
2015-12-20 17:03:04.995757,105
2015-12-20 17:03:05.005923,104
2015-12-20 17:03:05.019711,105
2015-12-20 17:03:05.030883,107
2015-12-20 17:03:05.041125,107
2015-12-20 17:03:05.053402,107
2015-12-20 17:03:05.063785,105
2015-12-20 17:03:05.075495,105
2015-12-20 17:03:05.085821,105
2015-12-20 17:03:05.097892,105
2015-12-20 17:03:05.108128,106
2015-12-20 17:03:05.122248,105
2015-12-20 17:03:05.132801,105
2015-12-20 17:03:05.143041,105
2015-12-20 17:03:05.153880,105
2015-12-20 17:03:05.164893,104
2015-12-20 17:03:05.175747,106
2015-12-20 17:03:05.186062,106
2015-12-20 17:03:05.196472,106
2015-12-20 17:03:05.206817,105
2015-12-20 17:03:05.219212,105
2015-12-20 17:03:05.229419,106
2015-12-20 17:03:05.239614,105
2015-12-20 17:03:05.249937,106
2015-12-20 17:03:05.260667,105
2015-12-20 17:03:05.275072,106
2015-12-20 17:03:05.285408,106
2015-12-20 17:03:05.297481,106
2015-12-20 17:03:05.307723,105
2015-12-20 17:03:05.323489,105
2015-12-20 17:03:05.334672,105
2015-12-20 17:03:05.347429,106
2015-12-20 17:03:05.357793,105
2015-12-20 17:03:05.373755,106
2015-12-20 17:03:05.384964,105
2015-12-20 17:03:05.395230,106
2015-12-20 17:03:05.405737,105
2015-12-20 17:03:05.424618,105
2015-12-20 17:03:05.434962,105
2015-12-20 17:03:05.446305,106
2015-12-20 17:03:05.457110,106
2015-12-20 17:03:05.471583,106
2015-12-20 17:03:05.483027,105
2015-12-20 17:03:05.493624,106
2015-12-20 17:03:05.503954,106
2015-12-20 17:03:05.515976,106
2015-12-20 17:03:05.528226,105
2015-12-20 17:03:05.538497,107
2015-12-20 17:03:05.548726,106
2015-12-20 17:03:05.559721,105
2015-12-20 17:03:05.572754,106
2015-12-20 17:03:05.583028,106
2015-12-20 17:03:05.593270,105
2015-12-20 17:03:05.603616,105
2015-12-20 17:03:05.617236,105
2015-12-20 17:03:05.629938,106
2015-12-20 17:03:05.640327,105
2015-12-20 17:03:05.650617,105
2015-12-20 17:03:05.663490,106
2015-12-20 17:03:05.675801,106
2015-12-20 17:03:05.686159,106
2015-12-20 17:03:05.697626,107
2015-12-20 17:03:05.708356,105
2015-12-20 17:03:05.719093,106
2015-12-20 17:03:05.731781,105
2015-12-20 17:03:05.741978,106
2015-12-20 17:03:05.752262,105
2015-12-20 17:03:05.768164,106
2015-12-20 17:03:05.780943,105
2015-12-20 17:03:05.791298,105
2015-12-20 17:03:05.801759,105
2015-12-20 17:03:05.816480,106
2015-12-20 17:03:05.827370,106
2015-12-20 17:03:05.837697,106
2015-12-20 17:03:05.848216,106
2015-12-20 17:03:05.864463,105
2015-12-20 17:03:05.876492,106
2015-12-20 17:03:05.886851,105
2015-12-20 17:03:05.897180,106
2015-12-20 17:03:05.912950,105
2015-12-20 17:03:05.923118,106
2015-12-20 17:03:05.933936,106
2015-12-20 17:03:05.944369,106
2015-12-20 17:03:05.963536,105
2015-12-20 17:03:05.973788,105
2015-12-20 17:03:05.986467,106
2015-12-20 17:03:05.996953,106
2015-12-20 17:03:06.010452,105
2015-12-20 17:03:06.020588,105
2015-12-20 17:03:06.030876,106
2015-12-20 17:03:06.041103,106
2015-12-20 17:03:06.052655,106
2015-12-20 17:03:06.065350,105
2015-12-20 17:03:06.075512,106
2015-12-20 17:03:06.088215,106
2015-12-20 17:03:06.098615,106
2015-12-20 17:03:06.112631,105
2015-12-20 17:03:06.122781,106
2015-12-20 17:03:06.134537,106
2015-12-20 17:03:06.144912,106
2015-12-20 17:03:06.158678,105
2015-12-20 17:03:06.168891,106
2015-12-20 17:03:06.179460,105
2015-12-20 17:03:06.191512,107
2015-12-20 17:03:06.204115,106
2015-12-20 17:03:06.216101,106
2015-12-20 17:03:06.226347,104
2015-12-20 17:03:06.239029,104
2015-12-20 17:03:06.249432,105
2015-12-20 17:03:06.262217,105
2015-12-20 17:03:06.272425,106
2015-12-20 17:03:06.285195,106
2015-12-20 17:03:06.295503,106
2015-12-20 17:03:06.311720,105
2015-12-20 17:03:06.321901,106
2015-12-20 17:03:06.332515,105
2015-12-20 17:03:06.342772,105
2015-12-20 17:03:06.359721,105
2015-12-20 17:03:06.369892,105
2015-12-20 17:03:06.380188,105
2015-12-20 17:03:06.390885,105
2015-12-20 17:03:06.407642,106
2015-12-20 17:03:06.417862,106
2015-12-20 17:03:06.428097,105
2015-12-20 17:03:06.438490,105
2015-12-20 17:03:06.457425,105
2015-12-20 17:03:06.467552,106
2015-12-20 17:03:06.477815,105
2015-12-20 17:03:06.489083,105
2015-12-20 17:03:06.507180,106
2015-12-20 17:03:06.517488,106
2015-12-20 17:03:06.527700,106
2015-12-20 17:03:06.538378,105
2015-12-20 17:03:06.555922,105
2015-12-20 17:03:06.566299,106
2015-12-20 17:03:06.576809,105
2015-12-20 17:03:06.587337,106
2015-12-20 17:03:06.602682,106
2015-12-20 17:03:06.613794,106
2015-12-20 17:03:06.624023,105
2015-12-20 17:03:06.634362,105
2015-12-20 17:03:06.645238,105
2015-12-20 17:03:06.656409,105
2015-12-20 17:03:06.666878,105
2015-12-20 17:03:06.677099,106
2015-12-20 17:03:06.687564,105
2015-12-20 17:03:06.699671,105
2015-12-20 17:03:06.712135,106
2015-12-20 17:03:06.722474,105
2015-12-20 17:03:06.734428,106
2015-12-20 17:03:06.744921,106
2015-12-20 17:03:06.756418,105
2015-12-20 17:03:06.766568,105
2015-12-20 17:03:06.776788,105
2015-12-20 17:03:06.787166,105
2015-12-20 17:03:06.798019,106
2015-12-20 17:03:06.810248,105
2015-12-20 17:03:06.820405,106
2015-12-20 17:03:06.830551,106
2015-12-20 17:03:06.843032,105
2015-12-20 17:03:06.855461,106
2015-12-20 17:03:06.866642,105
2015-12-20 17:03:06.877597,106
2015-12-20 17:03:06.889993,105
2015-12-20 17:03:06.900254,105
2015-12-20 17:03:06.912730,105
2015-12-20 17:03:06.925058,105
2015-12-20 17:03:06.936349,105
2015-12-20 17:03:06.946697,106
2015-12-20 17:03:06.957688,106
2015-12-20 17:03:06.970366,105
2015-12-20 17:03:06.980935,105
2015-12-20 17:03:06.995592,106
2015-12-20 17:03:07.005762,105
2015-12-20 17:03:07.018071,106
2015-12-20 17:03:07.028377,105
2015-12-20 17:03:07.043676,105
2015-12-20 17:03:07.054053,106
2015-12-20 17:03:07.064364,105
2015-12-20 17:03:07.075013,106
2015-12-20 17:03:07.090610,105
2015-12-20 17:03:07.100834,105
2015-12-20 17:03:07.113414,106
2015-12-20 17:03:07.124346,105
2015-12-20 17:03:07.139111,105
2015-12-20 17:03:07.150250,105
2015-12-20 17:03:07.160538,105
2015-12-20 17:03:07.171145,105
2015-12-20 17:03:07.188539,106
2015-12-20 17:03:07.199504,105
2015-12-20 17:03:07.209778,106
2015-12-20 17:03:07.220311,105
2015-12-20 17:03:07.236773,105
2015-12-20 17:03:07.246941,105
2015-12-20 17:03:07.257192,105
2015-12-20 17:03:07.267660,107
2015-12-20 17:03:07.285514,105
2015-12-20 17:03:07.297807,106
2015-12-20 17:03:07.309576,105
2015-12-20 17:03:07.319839,105
2015-12-20 17:03:07.333835,106
2015-12-20 17:03:07.346581,105
2015-12-20 17:03:07.356907,105
2015-12-20 17:03:07.367807,106
2015-12-20 17:03:07.387070,105
2015-12-20 17:03:07.397850,106
2015-12-20 17:03:07.408160,105
2015-12-20 17:03:07.418600,106
2015-12-20 17:03:07.434937,105
2015-12-20 17:03:07.445349,106
2015-12-20 17:03:07.455689,105
2015-12-20 17:03:07.466900,105
2015-12-20 17:03:07.484207,106
2015-12-20 17:03:07.494455,106
2015-12-20 17:03:07.504814,106
2015-12-20 17:03:07.515158,105
2015-12-20 17:03:07.533597,105
2015-12-20 17:03:07.546336,105
2015-12-20 17:03:07.556657,106
2015-12-20 17:03:07.567455,106
2015-12-20 17:03:07.582234,105
2015-12-20 17:03:07.592809,106
2015-12-20 17:03:07.603069,106
2015-12-20 17:03:07.613340,106
2015-12-20 17:03:07.629459,106
2015-12-20 17:03:07.639611,105
2015-12-20 17:03:07.650049,106
2015-12-20 17:03:07.661166,106
2015-12-20 17:03:07.678601,105
2015-12-20 17:03:07.688961,105
2015-12-20 17:03:07.699237,105
2015-12-20 17:03:07.710702,106
2015-12-20 17:03:07.728983,106
2015-12-20 17:03:07.739199,106
2015-12-20 17:03:07.751926,105
2015-12-20 17:03:07.762236,105
2015-12-20 17:03:07.778579,105
2015-12-20 17:03:07.788770,106
2015-12-20 17:03:07.801475,105
2015-12-20 17:03:07.812054,105
2015-12-20 17:03:07.827391,105
2015-12-20 17:03:07.837708,105
2015-12-20 17:03:07.848700,105
2015-12-20 17:03:07.859101,106
2015-12-20 17:03:07.876648,105
2015-12-20 17:03:07.886810,106
2015-12-20 17:03:07.899561,105
2015-12-20 17:03:07.910111,106
2015-12-20 17:03:07.924346,105
2015-12-20 17:03:07.934596,105
2015-12-20 17:03:07.944869,106
2015-12-20 17:03:07.955310,105
2015-12-20 17:03:07.974996,106
2015-12-20 17:03:07.985360,106
2015-12-20 17:03:07.997777,105
2015-12-20 17:03:08.008093,106
2015-12-20 17:03:08.022666,106
2015-12-20 17:03:08.033773,105
2015-12-20 17:03:08.044091,107
2015-12-20 17:03:08.055398,105
2015-12-20 17:03:08.071824,105
2015-12-20 17:03:08.083321,105
2015-12-20 17:03:08.093577,105
2015-12-20 17:03:08.103837,105
2015-12-20 17:03:08.116879,106
2015-12-20 17:03:08.129324,105
2015-12-20 17:03:08.139663,105
2015-12-20 17:03:08.150595,106
2015-12-20 17:03:08.171373,106
2015-12-20 17:03:08.182347,106
2015-12-20 17:03:08.192525,106
2015-12-20 17:03:08.202941,105
2015-12-20 17:03:08.217510,106
2015-12-20 17:03:08.230146,105
2015-12-20 17:03:08.240437,106
2015-12-20 17:03:08.250790,105
2015-12-20 17:03:08.262920,105
2015-12-20 17:03:08.273060,106
2015-12-20 17:03:08.284785,106
2015-12-20 17:03:08.295415,105
2015-12-20 17:03:08.308184,106
2015-12-20 17:03:08.318877,106
2015-12-20 17:03:08.329079,105
2015-12-20 17:03:08.339822,105
2015-12-20 17:03:08.352388,105
2015-12-20 17:03:08.362611,106
2015-12-20 17:03:08.372742,105
2015-12-20 17:03:08.382917,106
2015-12-20 17:03:08.395386,105
2015-12-20 17:03:08.408063,106
2015-12-20 17:03:08.418443,106
2015-12-20 17:03:08.428618,105
2015-12-20 17:03:08.444637,105
2015-12-20 17:03:08.454806,105
2015-12-20 17:03:08.465196,105
2015-12-20 17:03:08.475718,106
2015-12-20 17:03:08.487959,105
2015-12-20 17:03:08.498569,105
2015-12-20 17:03:08.508763,105
2015-12-20 17:03:08.521439,106
2015-12-20 17:03:08.531576,106
2015-12-20 17:03:08.542836,105
2015-12-20 17:03:08.555237,105
2015-12-20 17:03:08.566666,106
2015-12-20 17:03:08.576957,106
2015-12-20 17:03:08.587921,105
2015-12-20 17:03:08.598889,106
2015-12-20 17:03:08.611583,106
2015-12-20 17:03:08.622070,106
2015-12-20 17:03:08.632646,106
2015-12-20 17:03:08.648013,105
2015-12-20 17:03:08.658670,105
2015-12-20 17:03:08.670010,106
2015-12-20 17:03:08.680402,106
2015-12-20 17:03:08.694462,105
2015-12-20 17:03:08.705524,106
2015-12-20 17:03:08.716273,105
2015-12-20 17:03:08.726915,106
2015-12-20 17:03:08.742120,106
2015-12-20 17:03:08.752273,106
2015-12-20 17:03:08.764029,105
2015-12-20 17:03:08.774236,105
2015-12-20 17:03:08.788458,106
2015-12-20 17:03:08.799616,106
2015-12-20 17:03:08.809808,105
2015-12-20 17:03:08.821647,105
2015-12-20 17:03:08.832010,106
2015-12-20 17:03:08.843996,105
2015-12-20 17:03:08.854149,106
2015-12-20 17:03:08.864569,106
2015-12-20 17:03:08.874879,105
2015-12-20 17:03:08.886109,106
2015-12-20 17:03:08.897960,106
2015-12-20 17:03:08.908110,106
2015-12-20 17:03:08.919772,106
2015-12-20 17:03:08.930276,105
2015-12-20 17:03:08.943719,105
2015-12-20 17:03:08.953903,105
2015-12-20 17:03:08.964556,105
2015-12-20 17:03:08.974800,105
2015-12-20 17:03:08.985959,105
2015-12-20 17:03:08.997563,106
2015-12-20 17:03:09.007913,105
2015-12-20 17:03:09.018094,106
2015-12-20 17:03:09.028413,106
2015-12-20 17:03:09.042550,106
2015-12-20 17:03:09.052746,105
2015-12-20 17:03:09.065458,106
2015-12-20 17:03:09.075993,106
2015-12-20 17:03:09.091704,106
2015-12-20 17:03:09.102359,105
2015-12-20 17:03:09.115224,106
2015-12-20 17:03:09.125776,106
2015-12-20 17:03:09.142357,106
2015-12-20 17:03:09.152765,106
2015-12-20 17:03:09.165640,106
2015-12-20 17:03:09.177349,106
2015-12-20 17:03:09.191483,105
2015-12-20 17:03:09.204196,105
2015-12-20 17:03:09.214546,106
2015-12-20 17:03:09.225065,105
2015-12-20 17:03:09.242658,106
2015-12-20 17:03:09.254547,105
2015-12-20 17:03:09.267365,105
2015-12-20 17:03:09.277824,105
2015-12-20 17:03:09.289937,106
2015-12-20 17:03:09.300380,105
2015-12-20 17:03:09.310647,106
2015-12-20 17:03:09.320891,106
2015-12-20 17:03:09.333429,105
2015-12-20 17:03:09.346135,106
2015-12-20 17:03:09.356620,106
2015-12-20 17:03:09.366930,106
2015-12-20 17:03:09.381365,106
2015-12-20 17:03:09.394097,105
2015-12-20 17:03:09.406950,105
2015-12-20 17:03:09.417307,106
2015-12-20 17:03:09.430807,105
2015-12-20 17:03:09.443523,105
2015-12-20 17:03:09.453791,105
2015-12-20 17:03:09.464425,105
2015-12-20 17:03:09.474734,105
2015-12-20 17:03:09.486597,105
2015-12-20 17:03:09.498139,107
2015-12-20 17:03:09.508476,106
2015-12-20 17:03:09.521413,105
2015-12-20 17:03:09.535581,106
2015-12-20 17:03:09.548330,106
2015-12-20 17:03:09.558689,106
2015-12-20 17:03:09.569071,106
2015-12-20 17:03:09.583837,106
2015-12-20 17:03:09.595609,105
2015-12-20 17:03:09.606001,105
2015-12-20 17:03:09.616590,105
2015-12-20 17:03:09.631305,106
2015-12-20 17:03:09.644548,105
2015-12-20 17:03:09.654889,105
2015-12-20 17:03:09.665311,106
2015-12-20 17:03:09.679641,105
2015-12-20 17:03:09.690847,106
2015-12-20 17:03:09.703547,106
2015-12-20 17:03:09.714077,106
2015-12-20 17:03:09.729355,106
2015-12-20 17:03:09.740990,106
2015-12-20 17:03:09.753669,106
2015-12-20 17:03:09.764004,105
2015-12-20 17:03:09.780253,104
2015-12-20 17:03:09.790532,103
2015-12-20 17:03:09.800745,105
2015-12-20 17:03:09.811213,106
2015-12-20 17:03:09.825770,107
2015-12-20 17:03:09.837770,106
2015-12-20 17:03:09.848059,106
2015-12-20 17:03:09.858284,105
2015-12-20 17:03:09.869905,105
2015-12-20 17:03:09.881449,104
2015-12-20 17:03:09.891686,105
2015-12-20 17:03:09.902904,105
2015-12-20 17:03:09.913751,106
2015-12-20 17:03:09.924753,105
2015-12-20 17:03:09.934936,106
2015-12-20 17:03:09.945231,106
2015-12-20 17:03:09.955642,105
2015-12-20 17:03:09.968223,105
2015-12-20 17:03:09.980711,104
2015-12-20 17:03:09.991280,105
2015-12-20 17:03:10.002099,107
2015-12-20 17:03:10.012973,106
2015-12-20 17:03:10.025573,107
2015-12-20 17:03:10.035714,104
2015-12-20 17:03:10.046004,105
2015-12-20 17:03:10.056198,105
2015-12-20 17:03:10.070331,105
2015-12-20 17:03:10.081493,105
2015-12-20 17:03:10.094340,105
2015-12-20 17:03:10.104614,106
2015-12-20 17:03:10.116476,106
2015-12-20 17:03:10.128086,106
2015-12-20 17:03:10.138462,104
2015-12-20 17:03:10.148751,105
2015-12-20 17:03:10.159214,105
2015-12-20 17:03:10.171911,108
2015-12-20 17:03:10.184645,107
2015-12-20 17:03:10.194917,105
2015-12-20 17:03:10.208478,105
2015-12-20 17:03:10.218844,105
2015-12-20 17:03:10.229801,106
2015-12-20 17:03:10.242605,106
2015-12-20 17:03:10.253215,106
2015-12-20 17:03:10.264785,104
2015-12-20 17:03:10.275468,104
2015-12-20 17:03:10.288187,106
2015-12-20 17:03:10.298567,108
2015-12-20 17:03:10.310518,105
2015-12-20 17:03:10.320938,103
2015-12-20 17:03:10.333633,105
2015-12-20 17:03:10.343994,106
2015-12-20 17:03:10.355471,107
2015-12-20 17:03:10.365700,104
2015-12-20 17:03:10.375847,104
2015-12-20 17:03:10.386125,106
2015-12-20 17:03:10.396604,105
2015-12-20 17:03:10.410596,104
2015-12-20 17:03:10.422987,107
2015-12-20 17:03:10.434524,106
2015-12-20 17:03:10.445030,104
2015-12-20 17:03:10.459761,107
2015-12-20 17:03:10.469930,107
2015-12-20 17:03:10.480392,104
2015-12-20 17:03:10.492061,106
2015-12-20 17:03:10.502821,107
2015-12-20 17:03:10.514107,103
2015-12-20 17:03:10.524237,107
2015-12-20 17:03:10.536900,109
2015-12-20 17:03:10.547423,103
2015-12-20 17:03:10.562610,105
2015-12-20 17:03:10.573848,109
2015-12-20 17:03:10.586532,104
2015-12-20 17:03:10.596924,105
2015-12-20 17:03:10.611307,108
2015-12-20 17:03:10.621456,103
2015-12-20 17:03:10.634169,107
2015-12-20 17:03:10.644868,108
2015-12-20 17:03:10.661974,102
2015-12-20 17:03:10.672283,107
2015-12-20 17:03:10.685034,107
2015-12-20 17:03:10.695463,103
2015-12-20 17:03:10.711183,109
2015-12-20 17:03:10.721440,105
2015-12-20 17:03:10.734188,103
2015-12-20 17:03:10.744896,109
2015-12-20 17:03:10.762133,104
2015-12-20 17:03:10.772333,104
2015-12-20 17:03:10.782561,110
2015-12-20 17:03:10.793168,103
2015-12-20 17:03:10.809735,105
2015-12-20 17:03:10.819901,108
2015-12-20 17:03:10.831450,101
2015-12-20 17:03:10.841798,107
2015-12-20 17:03:10.858745,109
2015-12-20 17:03:10.869141,101
2015-12-20 17:03:10.881440,107
2015-12-20 17:03:10.892215,107
2015-12-20 17:03:10.907641,102
2015-12-20 17:03:10.917820,107
2015-12-20 17:03:10.928054,106
2015-12-20 17:03:10.939178,102
2015-12-20 17:03:10.955882,105
2015-12-20 17:03:10.967623,108
2015-12-20 17:03:10.980367,105
2015-12-20 17:03:10.990990,104
2015-12-20 17:03:11.005747,108
2015-12-20 17:03:11.016785,106
2015-12-20 17:03:11.026986,104
2015-12-20 17:03:11.037670,105
2015-12-20 17:03:11.052389,106
2015-12-20 17:03:11.064990,106
2015-12-20 17:03:11.075360,105
2015-12-20 17:03:11.086178,105
2015-12-20 17:03:11.102462,106
2015-12-20 17:03:11.115003,107
2015-12-20 17:03:11.125361,104
2015-12-20 17:03:11.136064,103
2015-12-20 17:03:11.153197,105
2015-12-20 17:03:11.164429,107
2015-12-20 17:03:11.174704,105
2015-12-20 17:03:11.185236,105
2015-12-20 17:03:11.202034,105
2015-12-20 17:03:11.214759,105
2015-12-20 17:03:11.225080,106
2015-12-20 17:03:11.235673,105
2015-12-20 17:03:11.250996,106
2015-12-20 17:03:11.262698,105
2015-12-20 17:03:11.273110,104
2015-12-20 17:03:11.283429,105
2015-12-20 17:03:11.295315,106
2015-12-20 17:03:11.307724,106
2015-12-20 17:03:11.318110,105
2015-12-20 17:03:11.328521,104
2015-12-20 17:03:11.342322,105
2015-12-20 17:03:11.352776,106
2015-12-20 17:03:11.365059,105
2015-12-20 17:03:11.375923,107
2015-12-20 17:03:11.386710,105
2015-12-20 17:03:11.397944,103
2015-12-20 17:03:11.408118,107
2015-12-20 17:03:11.418363,105
2015-12-20 17:03:11.428733,105
2015-12-20 17:03:11.441322,105
2015-12-20 17:03:11.451682,107
2015-12-20 17:03:11.461875,106
2015-12-20 17:03:11.474562,105
2015-12-20 17:03:11.485029,105
2015-12-20 17:03:11.497489,107
2015-12-20 17:03:11.507660,106
2015-12-20 17:03:11.520282,105
2015-12-20 17:03:11.531533,106
2015-12-20 17:03:11.544199,105
2015-12-20 17:03:11.556931,105
2015-12-20 17:03:11.567247,106
2015-12-20 17:03:11.577448,106
2015-12-20 17:03:11.587816,106
2015-12-20 17:03:11.605002,107
2015-12-20 17:03:11.617287,106
2015-12-20 17:03:11.630042,106
2015-12-20 17:03:11.640718,105
2015-12-20 17:03:11.655686,105
2015-12-20 17:03:11.668447,105
2015-12-20 17:03:11.678648,105
2015-12-20 17:03:11.688944,105
2015-12-20 17:03:11.704973,107
2015-12-20 17:03:11.715275,105
2015-12-20 17:03:11.725481,105
2015-12-20 17:03:11.736225,106
2015-12-20 17:03:11.754699,105
2015-12-20 17:03:11.765086,104
2015-12-20 17:03:11.775445,105
2015-12-20 17:03:11.785710,105
2015-12-20 17:03:11.799288,106
2015-12-20 17:03:11.811445,105
2015-12-20 17:03:11.821655,107
2015-12-20 17:03:11.832009,106
2015-12-20 17:03:11.843582,106
2015-12-20 17:03:11.856531,106
2015-12-20 17:03:11.867118,105
2015-12-20 17:03:11.877346,105
2015-12-20 17:03:11.887626,105
2015-12-20 17:03:11.898287,106
2015-12-20 17:03:11.909804,106
2015-12-20 17:03:11.920165,106
2015-12-20 17:03:11.930477,105
2015-12-20 17:03:11.941091,105
2015-12-20 17:03:11.952137,105
2015-12-20 17:03:11.964828,105
2015-12-20 17:03:11.975207,107
2015-12-20 17:03:11.985557,107
2015-12-20 17:03:11.998303,106
2015-12-20 17:03:12.011011,105
2015-12-20 17:03:12.021390,104
2015-12-20 17:03:12.031942,105
2015-12-20 17:03:12.044590,105
2015-12-20 17:03:12.057306,106
2015-12-20 17:03:12.067944,105
2015-12-20 17:03:12.078565,105
2015-12-20 17:03:12.094011,105
2015-12-20 17:03:12.104151,106
2015-12-20 17:03:12.114584,106
2015-12-20 17:03:12.126115,105
2015-12-20 17:03:12.137095,104
2015-12-20 17:03:12.149210,105
2015-12-20 17:03:12.159511,106
2015-12-20 17:03:12.171957,106
2015-12-20 17:03:12.182587,104
2015-12-20 17:03:12.197576,106
2015-12-20 17:03:12.207734,106
2015-12-20 17:03:12.220446,106
2015-12-20 17:03:12.230970,104
2015-12-20 17:03:12.246868,105
2015-12-20 17:03:12.257522,106
2015-12-20 17:03:12.270284,105
2015-12-20 17:03:12.281240,105
2015-12-20 17:03:12.296143,106
2015-12-20 17:03:12.306358,105
2015-12-20 17:03:12.319091,104
2015-12-20 17:03:12.329521,105
2015-12-20 17:03:12.345298,107
2015-12-20 17:03:12.355601,106
2015-12-20 17:03:12.368209,105
2015-12-20 17:03:12.378700,105
2015-12-20 17:03:12.392724,105
2015-12-20 17:03:12.402843,106
2015-12-20 17:03:12.415594,106
2015-12-20 17:03:12.425943,106
2015-12-20 17:03:12.442332,106
2015-12-20 17:03:12.452541,106
2015-12-20 17:03:12.464985,104
2015-12-20 17:03:12.475318,104
2015-12-20 17:03:12.491626,105
2015-12-20 17:03:12.501835,107
2015-12-20 17:03:12.514514,107
2015-12-20 17:03:12.525692,106
2015-12-20 17:03:12.536042,106
2015-12-20 17:03:12.552480,105
2015-12-20 17:03:12.565159,105
2015-12-20 17:03:12.576598,105
2015-12-20 17:03:12.587293,106
2015-12-20 17:03:12.598268,106
2015-12-20 17:03:12.608533,106
2015-12-20 17:03:12.621219,105
2015-12-20 17:03:12.631882,105
2015-12-20 17:03:12.647920,105
2015-12-20 17:03:12.660616,105
2015-12-20 17:03:12.673355,105
2015-12-20 17:03:12.684181,105
2015-12-20 17:03:12.697310,105
2015-12-20 17:03:12.707491,106
2015-12-20 17:03:12.720178,107
2015-12-20 17:03:12.730699,106
2015-12-20 17:03:12.745309,105
2015-12-20 17:03:12.756422,105
2015-12-20 17:03:12.769215,106
2015-12-20 17:03:12.779529,106
2015-12-20 17:03:12.794408,105
2015-12-20 17:03:12.805474,105
2015-12-20 17:03:12.816934,105
2015-12-20 17:03:12.827551,105
2015-12-20 17:03:12.840603,106
2015-12-20 17:03:12.850936,105
2015-12-20 17:03:12.861142,105
2015-12-20 17:03:12.872174,106
2015-12-20 17:03:12.885632,107
2015-12-20 17:03:12.896913,105
2015-12-20 17:03:12.908517,105
2015-12-20 17:03:12.918768,105
2015-12-20 17:03:12.929289,106
2015-12-20 17:03:12.941967,105
2015-12-20 17:03:12.952246,106
2015-12-20 17:03:12.962478,106
2015-12-20 17:03:12.972837,106
2015-12-20 17:03:12.985624,105
2015-12-20 17:03:12.998358,105
2015-12-20 17:03:13.008760,105
2015-12-20 17:03:13.019134,106
2015-12-20 17:03:13.031770,106
2015-12-20 17:03:13.042411,105
2015-12-20 17:03:13.052652,104
2015-12-20 17:03:13.063042,106
2015-12-20 17:03:13.077231,105
2015-12-20 17:03:13.087510,106
2015-12-20 17:03:13.100195,105
2015-12-20 17:03:13.110690,106
2015-12-20 17:03:13.122077,106
2015-12-20 17:03:13.134468,105
2015-12-20 17:03:13.144693,105
2015-12-20 17:03:13.155011,106
2015-12-20 17:03:13.165488,106
2015-12-20 17:03:13.179839,106
2015-12-20 17:03:13.190012,106
2015-12-20 17:03:13.202764,105
2015-12-20 17:03:13.213133,105
2015-12-20 17:03:13.229898,105
2015-12-20 17:03:13.240120,106
2015-12-20 17:03:13.252867,106
2015-12-20 17:03:13.263542,105
2015-12-20 17:03:13.278949,105
2015-12-20 17:03:13.289439,106
2015-12-20 17:03:13.302201,106
2015-12-20 17:03:13.312597,105
2015-12-20 17:03:13.328374,106
2015-12-20 17:03:13.338760,105
2015-12-20 17:03:13.351520,106
2015-12-20 17:03:13.361898,105
2015-12-20 17:03:13.377168,105
2015-12-20 17:03:13.388422,106
2015-12-20 17:03:13.398678,106
2015-12-20 17:03:13.408988,105
2015-12-20 17:03:13.426502,105
2015-12-20 17:03:13.436830,105
2015-12-20 17:03:13.448456,106
2015-12-20 17:03:13.458805,107
2015-12-20 17:03:13.475680,105
2015-12-20 17:03:13.485899,105
2015-12-20 17:03:13.498429,105
2015-12-20 17:03:13.508849,106
2015-12-20 17:03:13.522621,105
2015-12-20 17:03:13.532889,106
2015-12-20 17:03:13.543041,106
2015-12-20 17:03:13.554274,106
2015-12-20 17:03:13.564709,106
2015-12-20 17:03:13.575475,106
2015-12-20 17:03:13.586581,105
2015-12-20 17:03:13.597210,106
2015-12-20 17:03:13.607519,106
2015-12-20 17:03:13.619716,106
2015-12-20 17:03:13.630102,106
2015-12-20 17:03:13.640287,105
2015-12-20 17:03:13.650553,105
2015-12-20 17:03:13.660822,105
2015-12-20 17:03:13.674049,105
2015-12-20 17:03:13.684213,105
2015-12-20 17:03:13.694488,105
2015-12-20 17:03:13.704907,105
2015-12-20 17:03:13.719367,106
2015-12-20 17:03:13.731974,105
2015-12-20 17:03:13.742348,106
2015-12-20 17:03:13.755057,105
2015-12-20 17:03:13.769110,106
2015-12-20 17:03:13.781638,105
2015-12-20 17:03:13.794479,105
2015-12-20 17:03:13.804870,105
2015-12-20 17:03:13.818408,107
2015-12-20 17:03:13.830822,106
2015-12-20 17:03:13.841648,105
2015-12-20 17:03:13.854450,105
2015-12-20 17:03:13.865207,105
2015-12-20 17:03:13.876555,106
2015-12-20 17:03:13.886892,105
2015-12-20 17:03:13.898502,105
2015-12-20 17:03:13.909193,105
2015-12-20 17:03:13.924881,106
2015-12-20 17:03:13.935039,106
2015-12-20 17:03:13.945314,105
2015-12-20 17:03:13.955583,104
2015-12-20 17:03:13.974037,107
2015-12-20 17:03:13.984391,106
2015-12-20 17:03:13.994592,105
2015-12-20 17:03:14.005034,106
2015-12-20 17:03:14.018364,105
2015-12-20 17:03:14.031072,106
2015-12-20 17:03:14.041298,106
2015-12-20 17:03:14.052399,105
2015-12-20 17:03:14.063710,105
2015-12-20 17:03:14.074579,105
2015-12-20 17:03:14.084709,105
2015-12-20 17:03:14.094911,106
2015-12-20 17:03:14.105205,106
2015-12-20 17:03:14.117407,106
2015-12-20 17:03:14.130136,105
2015-12-20 17:03:14.140467,105
2015-12-20 17:03:14.153199,106
2015-12-20 17:03:14.163558,105
2015-12-20 17:03:14.175793,104
2015-12-20 17:03:14.185980,106
2015-12-20 17:03:14.198525,105
2015-12-20 17:03:14.208814,106
2015-12-20 17:03:14.222718,105
2015-12-20 17:03:14.235135,105
2015-12-20 17:03:14.245431,106
2015-12-20 17:03:14.255774,106
2015-12-20 17:03:14.268043,105
2015-12-20 17:03:14.279586,104
2015-12-20 17:03:14.289869,106
2015-12-20 17:03:14.302623,107
2015-12-20 17:03:14.313191,105
2015-12-20 17:03:14.325182,105
2015-12-20 17:03:14.336331,108
2015-12-20 17:03:14.346757,107
2015-12-20 17:03:14.357637,103
2015-12-20 17:03:14.374826,107
2015-12-20 17:03:14.385936,106
2015-12-20 17:03:14.398570,104
2015-12-20 17:03:14.408829,105
2015-12-20 17:03:14.425703,106
2015-12-20 17:03:14.435998,104
2015-12-20 17:03:14.448573,105
2015-12-20 17:03:14.458975,107
2015-12-20 17:03:14.474983,104
2015-12-20 17:03:14.485507,106
2015-12-20 17:03:14.495729,104
2015-12-20 17:03:14.506207,105
2015-12-20 17:03:14.522618,105
2015-12-20 17:03:14.533126,107
2015-12-20 17:03:14.543513,106
2015-12-20 17:03:14.553838,103
2015-12-20 17:03:14.567772,107
2015-12-20 17:03:14.580393,106
2015-12-20 17:03:14.592526,104
2015-12-20 17:03:14.602800,107
2015-12-20 17:03:14.614486,105
2015-12-20 17:03:14.625410,105
2015-12-20 17:03:14.635633,107
2015-12-20 17:03:14.648345,105
2015-12-20 17:03:14.658642,106
2015-12-20 17:03:14.670357,106
2015-12-20 17:03:14.682098,105
2015-12-20 17:03:14.692630,105
2015-12-20 17:03:14.702929,108
2015-12-20 17:03:14.717949,104
2015-12-20 17:03:14.730656,107
2015-12-20 17:03:14.740989,104
2015-12-20 17:03:14.751695,106
2015-12-20 17:03:14.762246,105
2015-12-20 17:03:14.773772,105
2015-12-20 17:03:14.785223,108
2015-12-20 17:03:14.797962,104
2015-12-20 17:03:14.808548,106
2015-12-20 17:03:14.823140,108
2015-12-20 17:03:14.834132,103
2015-12-20 17:03:14.844460,106
2015-12-20 17:03:14.854993,108
2015-12-20 17:03:14.871064,106
2015-12-20 17:03:14.882127,105
2015-12-20 17:03:14.892541,106
2015-12-20 17:03:14.902786,106
2015-12-20 17:03:14.920343,106
2015-12-20 17:03:14.932109,105
2015-12-20 17:03:14.942462,105
2015-12-20 17:03:14.952948,105
2015-12-20 17:03:14.969071,106
2015-12-20 17:03:14.981747,103
2015-12-20 17:03:14.992042,108
2015-12-20 17:03:15.002364,104
2015-12-20 17:03:15.018079,105
2015-12-20 17:03:15.030910,106
2015-12-20 17:03:15.043140,104
2015-12-20 17:03:15.053764,106
2015-12-20 17:03:15.068209,104
2015-12-20 17:03:15.080945,106
2015-12-20 17:03:15.091301,107
2015-12-20 17:03:15.101739,103
2015-12-20 17:03:15.116516,108
2015-12-20 17:03:15.127010,104
2015-12-20 17:03:15.137331,106
2015-12-20 17:03:15.147722,102
2015-12-20 17:03:15.164795,106
2015-12-20 17:03:15.175097,106
2015-12-20 17:03:15.186570,105
2015-12-20 17:03:15.197436,106
2015-12-20 17:03:15.214325,106
2015-12-20 17:03:15.224552,104
2015-12-20 17:03:15.235724,105
2015-12-20 17:03:15.246094,105
2015-12-20 17:03:15.264007,106
2015-12-20 17:03:15.274249,107
2015-12-20 17:03:15.284921,104
2015-12-20 17:03:15.295870,108
2015-12-20 17:03:15.313616,105
2015-12-20 17:03:15.323787,105
2015-12-20 17:03:15.334021,105
2015-12-20 17:03:15.344846,104
2015-12-20 17:03:15.363486,106
2015-12-20 17:03:15.376175,105
2015-12-20 17:03:15.387293,105
2015-12-20 17:03:15.397990,105
2015-12-20 17:03:15.412755,106
2015-12-20 17:03:15.422945,106
2015-12-20 17:03:15.433437,105
2015-12-20 17:03:15.444099,105
2015-12-20 17:03:15.461984,107
2015-12-20 17:03:15.474693,104
2015-12-20 17:03:15.487471,107
2015-12-20 17:03:15.498349,107
2015-12-20 17:03:15.511241,105
2015-12-20 17:03:15.521368,107
2015-12-20 17:03:15.531790,105
2015-12-20 17:03:15.542440,105
2015-12-20 17:03:15.559170,106
2015-12-20 17:03:15.569469,105
2015-12-20 17:03:15.582027,106
2015-12-20 17:03:15.592765,105
2015-12-20 17:03:15.609540,107
2015-12-20 17:03:15.619762,104
2015-12-20 17:03:15.632033,106
2015-12-20 17:03:15.642342,106
2015-12-20 17:03:15.658687,105
2015-12-20 17:03:15.668997,107
2015-12-20 17:03:15.681766,106
2015-12-20 17:03:15.692112,106
2015-12-20 17:03:15.710444,106
2015-12-20 17:03:15.720658,104
2015-12-20 17:03:15.733471,107
2015-12-20 17:03:15.743879,105
2015-12-20 17:03:15.759573,104
2015-12-20 17:03:15.769897,106
2015-12-20 17:03:15.780226,106
2015-12-20 17:03:15.790920,107
2015-12-20 17:03:15.804621,107
2015-12-20 17:03:15.816499,105
2015-12-20 17:03:15.826626,106
2015-12-20 17:03:15.836937,106
2015-12-20 17:03:15.849824,106
2015-12-20 17:03:15.860117,104
2015-12-20 17:03:15.870620,106
2015-12-20 17:03:15.881153,105
2015-12-20 17:03:15.895049,105
2015-12-20 17:03:15.905464,104
2015-12-20 17:03:15.916036,105
2015-12-20 17:03:15.926284,105
2015-12-20 17:03:15.939932,106
2015-12-20 17:03:15.950968,106
2015-12-20 17:03:15.961115,105
2015-12-20 17:03:15.973092,104
2015-12-20 17:03:15.988262,105
2015-12-20 17:03:15.999729,107
2015-12-20 17:03:16.009889,106
2015-12-20 17:03:16.022016,104
2015-12-20 17:03:16.032318,106
2015-12-20 17:03:16.045055,107
2015-12-20 17:03:16.055510,106
2015-12-20 17:03:16.067213,104
2015-12-20 17:03:16.080041,106
2015-12-20 17:03:16.091752,107
2015-12-20 17:03:16.102009,106
2015-12-20 17:03:16.114735,104
2015-12-20 17:03:16.125446,105
2015-12-20 17:03:16.136800,107
2015-12-20 17:03:16.149099,106
2015-12-20 17:03:16.161826,106
2015-12-20 17:03:16.172583,105
2015-12-20 17:03:16.185088,107
2015-12-20 17:03:16.197833,106
2015-12-20 17:03:16.210670,105
2015-12-20 17:03:16.221355,104
2015-12-20 17:03:16.233574,106
2015-12-20 17:03:16.246267,106
2015-12-20 17:03:16.256583,106
2015-12-20 17:03:16.268164,105
2015-12-20 17:03:16.282027,106
2015-12-20 17:03:16.292391,106
2015-12-20 17:03:16.302924,106
2015-12-20 17:03:16.313366,107
2015-12-20 17:03:16.329304,105
2015-12-20 17:03:16.341982,105
2015-12-20 17:03:16.353970,105
2015-12-20 17:03:16.364692,105
2015-12-20 17:03:16.378852,106
2015-12-20 17:03:16.389127,105
2015-12-20 17:03:16.399331,106
2015-12-20 17:03:16.410704,107
2015-12-20 17:03:16.427131,105
2015-12-20 17:03:16.437391,106
2015-12-20 17:03:16.448003,106
2015-12-20 17:03:16.459307,106
2015-12-20 17:03:16.478144,105
2015-12-20 17:03:16.488329,106
2015-12-20 17:03:16.501013,105
2015-12-20 17:03:16.511531,106
2015-12-20 17:03:16.527194,106
2015-12-20 17:03:16.537378,105
2015-12-20 17:03:16.549783,105
2015-12-20 17:03:16.560065,106
2015-12-20 17:03:16.570858,106
2015-12-20 17:03:16.583237,105
2015-12-20 17:03:16.593488,106
2015-12-20 17:03:16.605342,105
2015-12-20 17:03:16.615963,105
2015-12-20 17:03:16.627675,105
2015-12-20 17:03:16.637966,106
2015-12-20 17:03:16.648729,105
2015-12-20 17:03:16.659120,105
2015-12-20 17:03:16.671965,106
2015-12-20 17:03:16.682306,106
2015-12-20 17:03:16.692460,106
2015-12-20 17:03:16.705154,105
2015-12-20 17:03:16.715404,105
2015-12-20 17:03:16.726548,106
2015-12-20 17:03:16.737737,106
2015-12-20 17:03:16.748862,105
2015-12-20 17:03:16.759132,105
2015-12-20 17:03:16.774104,105
2015-12-20 17:03:16.784976,105
2015-12-20 17:03:16.795218,106
2015-12-20 17:03:16.806019,106
2015-12-20 17:03:16.817401,106
2015-12-20 17:03:16.827677,105
2015-12-20 17:03:16.837890,106
2015-12-20 17:03:16.848844,105
2015-12-20 17:03:16.859518,105
2015-12-20 17:03:16.877136,105
2015-12-20 17:03:16.887402,105
2015-12-20 17:03:16.900183,105
2015-12-20 17:03:16.910596,105
2015-12-20 17:03:16.926792,105
2015-12-20 17:03:16.937026,106
2015-12-20 17:03:16.947702,106
2015-12-20 17:03:16.958207,105
2015-12-20 17:03:16.976614,106
2015-12-20 17:03:16.986742,105
2015-12-20 17:03:16.998589,105
2015-12-20 17:03:17.008778,106
2015-12-20 17:03:17.022255,107
2015-12-20 17:03:17.033713,105
2015-12-20 17:03:17.043987,105
2015-12-20 17:03:17.054412,107
2015-12-20 17:03:17.065916,106
2015-12-20 17:03:17.076175,105
2015-12-20 17:03:17.086448,106
2015-12-20 17:03:17.099176,107
2015-12-20 17:03:17.109823,104
2015-12-20 17:03:17.124914,105
2015-12-20 17:03:17.135150,106
2015-12-20 17:03:17.147909,105
2015-12-20 17:03:17.158549,106
2015-12-20 17:03:17.168916,103
2015-12-20 17:03:17.181167,102
2015-12-20 17:03:17.192330,106
2015-12-20 17:03:17.209052,105
2015-12-20 17:03:17.219425,103
2015-12-20 17:03:17.230266,106
2015-12-20 17:03:17.241685,103
2015-12-20 17:03:17.252834,107
2015-12-20 17:03:17.263169,105
2015-12-20 17:03:17.273329,106
2015-12-20 17:03:17.283650,105
2015-12-20 17:03:17.294105,106
2015-12-20 17:03:17.309443,105
2015-12-20 17:03:17.319653,107
2015-12-20 17:03:17.332383,103
2015-12-20 17:03:17.343872,105
2015-12-20 17:03:17.358677,104
2015-12-20 17:03:17.369057,109
2015-12-20 17:03:17.381823,107
2015-12-20 17:03:17.392107,105
2015-12-20 17:03:17.405336,106
2015-12-20 17:03:17.417987,106
2015-12-20 17:03:17.428201,106
2015-12-20 17:03:17.438457,106
2015-12-20 17:03:17.448971,107
2015-12-20 17:03:17.459783,105
2015-12-20 17:03:17.470004,106
2015-12-20 17:03:17.482271,105
2015-12-20 17:03:17.492493,105
2015-12-20 17:03:17.504741,105
2015-12-20 17:03:17.515632,105
2015-12-20 17:03:17.525842,107
2015-12-20 17:03:17.536160,105
2015-12-20 17:03:17.548989,104
2015-12-20 17:03:17.561676,105
2015-12-20 17:03:17.572123,106
2015-12-20 17:03:17.582691,107
2015-12-20 17:03:17.594248,106
2015-12-20 17:03:17.606999,105
2015-12-20 17:03:17.618545,105
2015-12-20 17:03:17.628798,106
2015-12-20 17:03:17.639035,107
2015-12-20 17:03:17.652175,105
2015-12-20 17:03:17.664577,104
2015-12-20 17:03:17.675079,106
2015-12-20 17:03:17.685590,104
2015-12-20 17:03:17.701252,106
2015-12-20 17:03:17.713759,106
2015-12-20 17:03:17.724139,106
2015-12-20 17:03:17.734486,106
2015-12-20 17:03:17.748989,105
2015-12-20 17:03:17.761658,105
2015-12-20 17:03:17.771869,106
2015-12-20 17:03:17.782793,106
2015-12-20 17:03:17.799847,106
2015-12-20 17:03:17.812025,105
2015-12-20 17:03:17.822346,105
2015-12-20 17:03:17.832955,106
2015-12-20 17:03:17.848548,106
2015-12-20 17:03:17.860160,106
2015-12-20 17:03:17.873043,105
2015-12-20 17:03:17.883698,105
2015-12-20 17:03:17.898223,105
2015-12-20 17:03:17.908408,106
2015-12-20 17:03:17.918556,106
2015-12-20 17:03:17.929303,105
2015-12-20 17:03:17.947791,107
2015-12-20 17:03:17.957981,105
2015-12-20 17:03:17.970650,105
2015-12-20 17:03:17.980887,106
2015-12-20 17:03:17.997755,107
2015-12-20 17:03:18.008015,107
2015-12-20 17:03:18.020781,105
2015-12-20 17:03:18.031627,105
2015-12-20 17:03:18.046450,105
2015-12-20 17:03:18.056930,106
2015-12-20 17:03:18.069654,106
2015-12-20 17:03:18.080309,106
2015-12-20 17:03:18.096379,105
2015-12-20 17:03:18.106569,105
2015-12-20 17:03:18.119213,105
2015-12-20 17:03:18.129704,105
2015-12-20 17:03:18.144875,105
2015-12-20 17:03:18.155086,106
2015-12-20 17:03:18.165427,106
2015-12-20 17:03:18.175721,106
2015-12-20 17:03:18.192828,106
2015-12-20 17:03:18.203024,106
2015-12-20 17:03:18.213289,106
2015-12-20 17:03:18.223837,106
2015-12-20 17:03:18.237907,106
2015-12-20 17:03:18.250205,104
2015-12-20 17:03:18.260945,105
2015-12-20 17:03:18.271223,106
2015-12-20 17:03:18.286007,106
2015-12-20 17:03:18.298756,106
2015-12-20 17:03:18.309551,105
2015-12-20 17:03:18.320012,104
2015-12-20 17:03:18.332094,105
2015-12-20 17:03:18.344804,106
2015-12-20 17:03:18.355099,106
2015-12-20 17:03:18.365736,105
2015-12-20 17:03:18.376063,106
2015-12-20 17:03:18.387116,105
2015-12-20 17:03:18.397664,105
2015-12-20 17:03:18.409743,106
2015-12-20 17:03:18.420112,105
2015-12-20 17:03:18.432708,105
2015-12-20 17:03:18.443174,106
2015-12-20 17:03:18.453469,106
2015-12-20 17:03:18.466040,104
2015-12-20 17:03:18.476312,106
2015-12-20 17:03:18.487923,105
2015-12-20 17:03:18.499179,105
2015-12-20 17:03:18.509601,105
2015-12-20 17:03:18.522262,106
2015-12-20 17:03:18.536663,106
2015-12-20 17:03:18.549238,106
2015-12-20 17:03:18.559643,105
2015-12-20 17:03:18.570218,105
2015-12-20 17:03:18.586012,105
2015-12-20 17:03:18.598495,106
2015-12-20 17:03:18.608849,105
2015-12-20 17:03:18.619148,106
2015-12-20 17:03:18.635587,105
2015-12-20 17:03:18.647621,105
2015-12-20 17:03:18.658091,106
2015-12-20 17:03:18.668502,106
2015-12-20 17:03:18.685121,105
2015-12-20 17:03:18.696762,106
2015-12-20 17:03:18.707076,105
2015-12-20 17:03:18.717503,105
2015-12-20 17:03:18.733522,106
2015-12-20 17:03:18.745915,106
2015-12-20 17:03:18.756230,106
2015-12-20 17:03:18.766571,106
2015-12-20 17:03:18.782374,107
2015-12-20 17:03:18.792493,106
2015-12-20 17:03:18.803123,106
2015-12-20 17:03:18.813466,105
2015-12-20 17:03:18.827938,106
2015-12-20 17:03:18.838178,106
2015-12-20 17:03:18.850841,105
2015-12-20 17:03:18.861347,105
2015-12-20 17:03:18.876599,105
2015-12-20 17:03:18.887754,106
2015-12-20 17:03:18.900433,107
2015-12-20 17:03:18.910824,105
2015-12-20 17:03:18.925237,105
2015-12-20 17:03:18.935590,105
2015-12-20 17:03:18.948371,105
2015-12-20 17:03:18.959111,105
2015-12-20 17:03:18.976265,105
2015-12-20 17:03:18.986614,105
2015-12-20 17:03:18.997022,106
2015-12-20 17:03:19.007154,106
2015-12-20 17:03:19.019934,105
2015-12-20 17:03:19.032499,105
2015-12-20 17:03:19.042800,105
2015-12-20 17:03:19.053163,107
2015-12-20 17:03:19.069784,105
2015-12-20 17:03:19.081772,106
2015-12-20 17:03:19.092205,105
2015-12-20 17:03:19.102934,105
2015-12-20 17:03:19.118833,106
2015-12-20 17:03:19.130927,105
2015-12-20 17:03:19.141234,106
2015-12-20 17:03:19.151824,105
2015-12-20 17:03:19.165830,105
2015-12-20 17:03:19.176033,105
2015-12-20 17:03:19.186524,105
2015-12-20 17:03:19.196947,105
2015-12-20 17:03:19.208632,106
2015-12-20 17:03:19.221090,105
2015-12-20 17:03:19.233327,106
2015-12-20 17:03:19.244698,105
2015-12-20 17:03:19.254949,105
2015-12-20 17:03:19.266512,106
2015-12-20 17:03:19.278343,106
2015-12-20 17:03:19.288722,105
2015-12-20 17:03:19.298989,105
2015-12-20 17:03:19.310377,105
2015-12-20 17:03:19.320710,105
2015-12-20 17:03:19.331635,105
2015-12-20 17:03:19.343503,106
2015-12-20 17:03:19.356083,105
2015-12-20 17:03:19.368490,105
2015-12-20 17:03:19.380783,105
2015-12-20 17:03:19.391143,106
2015-12-20 17:03:19.401481,105
2015-12-20 17:03:19.414452,106
2015-12-20 17:03:19.424703,107
2015-12-20 17:03:19.437442,106
2015-12-20 17:03:19.447795,105
2015-12-20 17:03:19.462586,105
2015-12-20 17:03:19.472850,105
2015-12-20 17:03:19.483052,106
2015-12-20 17:03:19.493482,106
2015-12-20 17:03:19.511740,106
2015-12-20 17:03:19.522013,106
2015-12-20 17:03:19.532237,105
2015-12-20 17:03:19.542535,105
2015-12-20 17:03:19.560887,106
2015-12-20 17:03:19.571083,105
2015-12-20 17:03:19.581391,107
2015-12-20 17:03:19.592538,106
2015-12-20 17:03:19.610855,106
2015-12-20 17:03:19.623511,106
2015-12-20 17:03:19.636322,105
2015-12-20 17:03:19.647279,106
2015-12-20 17:03:19.663063,106
2015-12-20 17:03:19.673222,105
2015-12-20 17:03:19.683907,105
2015-12-20 17:03:19.694439,105
2015-12-20 17:03:19.709835,106
2015-12-20 17:03:19.720083,106
2015-12-20 17:03:19.732826,106
2015-12-20 17:03:19.743357,105
2015-12-20 17:03:19.758886,106
2015-12-20 17:03:19.769145,105
2015-12-20 17:03:19.779435,106
2015-12-20 17:03:19.790202,105
2015-12-20 17:03:19.808299,105
2015-12-20 17:03:19.818551,106
2015-12-20 17:03:19.828813,105
2015-12-20 17:03:19.839359,106
2015-12-20 17:03:19.856959,105
2015-12-20 17:03:19.869744,105
2015-12-20 17:03:19.882459,106
2015-12-20 17:03:19.892849,106
2015-12-20 17:03:19.906424,105
2015-12-20 17:03:19.917281,106
2015-12-20 17:03:19.927501,106
2015-12-20 17:03:19.938378,106
2015-12-20 17:03:19.955349,105
2015-12-20 17:03:19.966049,105
2015-12-20 17:03:19.976366,105
2015-12-20 17:03:19.987179,105
2015-12-20 17:03:20.004030,106
2015-12-20 17:03:20.015663,106
2015-12-20 17:03:20.027896,106
2015-12-20 17:03:20.038328,106
2015-12-20 17:03:20.052037,105
2015-12-20 17:03:20.064794,105
2015-12-20 17:03:20.075799,105
2015-12-20 17:03:20.087039,106
2015-12-20 17:03:20.101622,106
2015-12-20 17:03:20.114316,106
2015-12-20 17:03:20.124625,105
2015-12-20 17:03:20.135072,106
2015-12-20 17:03:20.149347,106
2015-12-20 17:03:20.162028,106
2015-12-20 17:03:20.172492,105
2015-12-20 17:03:20.183102,104
2015-12-20 17:03:20.200770,106
2015-12-20 17:03:20.213464,106
2015-12-20 17:03:20.224536,106
2015-12-20 17:03:20.234969,106
2015-12-20 17:03:20.248225,105
2015-12-20 17:03:20.258420,105
2015-12-20 17:03:20.271170,105
2015-12-20 17:03:20.281679,105
2015-12-20 17:03:20.297884,106
2015-12-20 17:03:20.309399,106
2015-12-20 17:03:20.322101,105
2015-12-20 17:03:20.332687,106
2015-12-20 17:03:20.347633,105
2015-12-20 17:03:20.357820,104
2015-12-20 17:03:20.370542,106
2015-12-20 17:03:20.381060,106
2015-12-20 17:03:20.397947,106
2015-12-20 17:03:20.408064,106
2015-12-20 17:03:20.420776,106
2015-12-20 17:03:20.431228,106
2015-12-20 17:03:20.446886,105
2015-12-20 17:03:20.457130,105
2015-12-20 17:03:20.469880,106
2015-12-20 17:03:20.480296,105
2015-12-20 17:03:20.495895,105
2015-12-20 17:03:20.506083,106
2015-12-20 17:03:20.518928,105
2015-12-20 17:03:20.529359,106
2015-12-20 17:03:20.543773,107
2015-12-20 17:03:20.554076,107
2015-12-20 17:03:20.564347,105
2015-12-20 17:03:20.574539,105
2015-12-20 17:03:20.586042,102
2015-12-20 17:03:20.596364,108
2015-12-20 17:03:20.606510,105
2015-12-20 17:03:20.619260,104
2015-12-20 17:03:20.629768,104
2015-12-20 17:03:20.642267,108
2015-12-20 17:03:20.652537,106
2015-12-20 17:03:20.662726,103
2015-12-20 17:03:20.674745,106
2015-12-20 17:03:20.685773,107
2015-12-20 17:03:20.697112,105
2015-12-20 17:03:20.707249,105
2015-12-20 17:03:20.719955,106
2015-12-20 17:03:20.730390,107
2015-12-20 17:03:20.743725,103
2015-12-20 17:03:20.753916,108
2015-12-20 17:03:20.765076,105
2015-12-20 17:03:20.775246,107
2015-12-20 17:03:20.786990,106
2015-12-20 17:03:20.797954,103
2015-12-20 17:03:20.808251,108
2015-12-20 17:03:20.820988,104
2015-12-20 17:03:20.831557,106
2015-12-20 17:03:20.843744,103
2015-12-20 17:03:20.856464,107
2015-12-20 17:03:20.869318,104
2015-12-20 17:03:20.879746,107
2015-12-20 17:03:20.893413,104
2015-12-20 17:03:20.903856,104
2015-12-20 17:03:20.916070,110
2015-12-20 17:03:20.926479,101
2015-12-20 17:03:20.942431,107
2015-12-20 17:03:20.953017,106
2015-12-20 17:03:20.963250,107
2015-12-20 17:03:20.973727,104
2015-12-20 17:03:20.990382,104
2015-12-20 17:03:21.001891,110
2015-12-20 17:03:21.012108,105
2015-12-20 17:03:21.022417,101
2015-12-20 17:03:21.035424,110
2015-12-20 17:03:21.047813,100
2015-12-20 17:03:21.058153,112
2015-12-20 17:03:21.068380,99
2015-12-20 17:03:21.078656,110
2015-12-20 17:03:21.089590,106
2015-12-20 17:03:21.100941,101
2015-12-20 17:03:21.111151,108
2015-12-20 17:03:21.121443,107
2015-12-20 17:03:21.132739,101
2015-12-20 17:03:21.145453,107
2015-12-20 17:03:21.155795,106
2015-12-20 17:03:21.166362,105
2015-12-20 17:03:21.176690,105
2015-12-20 17:03:21.188560,104
2015-12-20 17:03:21.199335,108
2015-12-20 17:03:21.209639,104
2015-12-20 17:03:21.219882,107
2015-12-20 17:03:21.232766,105
2015-12-20 17:03:21.244409,103
2015-12-20 17:03:21.254893,108
2015-12-20 17:03:21.265872,105
2015-12-20 17:03:21.276162,107
2015-12-20 17:03:21.288216,103
2015-12-20 17:03:21.299509,106
2015-12-20 17:03:21.309812,107
2015-12-20 17:03:21.320286,103
2015-12-20 17:03:21.336177,108
2015-12-20 17:03:21.347352,104
2015-12-20 17:03:21.357547,109
2015-12-20 17:03:21.368011,106
2015-12-20 17:03:21.382757,109
2015-12-20 17:03:21.395453,105
2015-12-20 17:03:21.405770,102
2015-12-20 17:03:21.416693,105
2015-12-20 17:03:21.436595,108
2015-12-20 17:03:21.448982,107
2015-12-20 17:03:21.459288,109
2015-12-20 17:03:21.469658,102
2015-12-20 17:03:21.485983,110
2015-12-20 17:03:21.498320,104
2015-12-20 17:03:21.508625,104
2015-12-20 17:03:21.518934,106
2015-12-20 17:03:21.535198,107
2015-12-20 17:03:21.547951,105
2015-12-20 17:03:21.558256,106
2015-12-20 17:03:21.569581,106
2015-12-20 17:03:21.583394,102
2015-12-20 17:03:21.596135,106
2015-12-20 17:03:21.606469,107
2015-12-20 17:03:21.617549,103
2015-12-20 17:03:21.632237,112
2015-12-20 17:03:21.642444,101
2015-12-20 17:03:21.654032,104
2015-12-20 17:03:21.664337,107
2015-12-20 17:03:21.681782,107
2015-12-20 17:03:21.692900,102
2015-12-20 17:03:21.703159,104
2015-12-20 17:03:21.714395,108
2015-12-20 17:03:21.731803,106
2015-12-20 17:03:21.742938,99
2015-12-20 17:03:21.755631,109
2015-12-20 17:03:21.765905,109
2015-12-20 17:03:21.781761,108
2015-12-20 17:03:21.793022,110
2015-12-20 17:03:21.805438,102
2015-12-20 17:03:21.816063,106
2015-12-20 17:03:21.830025,105
2015-12-20 17:03:21.840170,107
2015-12-20 17:03:21.850497,105
2015-12-20 17:03:21.860896,105
2015-12-20 17:03:21.875081,106
2015-12-20 17:03:21.886028,106
2015-12-20 17:03:21.896324,105
2015-12-20 17:03:21.907177,104
2015-12-20 17:03:21.920138,105
2015-12-20 17:03:21.932561,106
2015-12-20 17:03:21.942933,106
2015-12-20 17:03:21.953616,105
2015-12-20 17:03:21.964568,104
2015-12-20 17:03:21.975256,106
2015-12-20 17:03:21.985424,104
2015-12-20 17:03:21.995714,107
2015-12-20 17:03:22.005871,107
2015-12-20 17:03:22.016541,106
2015-12-20 17:03:22.029177,105
2015-12-20 17:03:22.039319,104
2015-12-20 17:03:22.049601,107
2015-12-20 17:03:22.063510,108
2015-12-20 17:03:22.075902,102
2015-12-20 17:03:22.086529,104
2015-12-20 17:03:22.096978,109
2015-12-20 17:03:22.112441,103
2015-12-20 17:03:22.122579,105
2015-12-20 17:03:22.133241,109
2015-12-20 17:03:22.143670,105
2015-12-20 17:03:22.157692,102
2015-12-20 17:03:22.168111,104
2015-12-20 17:03:22.180769,105
2015-12-20 17:03:22.192537,107
2015-12-20 17:03:22.203153,105
2015-12-20 17:03:22.214934,106
2015-12-20 17:03:22.225204,105
2015-12-20 17:03:22.237912,104
2015-12-20 17:03:22.248565,109
2015-12-20 17:03:22.264370,105
2015-12-20 17:03:22.274673,108
2015-12-20 17:03:22.287379,105
2015-12-20 17:03:22.297927,103
2015-12-20 17:03:22.314391,107
2015-12-20 17:03:22.324595,109
2015-12-20 17:03:22.337293,106
2015-12-20 17:03:22.347982,102
2015-12-20 17:03:22.363913,105
2015-12-20 17:03:22.374167,106
2015-12-20 17:03:22.386852,105
2015-12-20 17:03:22.397270,109
2015-12-20 17:03:22.415666,106
2015-12-20 17:03:22.426897,107
2015-12-20 17:03:22.439662,104
2015-12-20 17:03:22.449946,104
2015-12-20 17:03:22.464646,106
2015-12-20 17:03:22.474804,108
2015-12-20 17:03:22.485605,98
2015-12-20 17:03:22.496208,110
2015-12-20 17:03:22.511110,104
2015-12-20 17:03:22.521304,105
2015-12-20 17:03:22.532686,101
2015-12-20 17:03:22.543200,114
2015-12-20 17:03:22.560602,110
2015-12-20 17:03:22.570939,104
2015-12-20 17:03:22.583053,111
2015-12-20 17:03:22.593618,116
2015-12-20 17:03:22.607211,98
2015-12-20 17:03:22.618269,88
2015-12-20 17:03:22.628556,102
2015-12-20 17:03:22.639427,139
2015-12-20 17:03:22.657031,115
2015-12-20 17:03:22.668403,79
2015-12-20 17:03:22.678661,83
2015-12-20 17:03:22.689207,120
2015-12-20 17:03:22.705925,131
2015-12-20 17:03:22.718416,94
2015-12-20 17:03:22.728678,75
2015-12-20 17:03:22.739295,152
2015-12-20 17:03:22.756689,61
2015-12-20 17:03:22.767991,134
2015-12-20 17:03:22.778233,113
2015-12-20 17:03:22.788931,48
2015-12-20 17:03:22.803689,161
2015-12-20 17:03:22.816392,67
2015-12-20 17:03:22.826714,127
2015-12-20 17:03:22.837008,100
2015-12-20 17:03:22.850363,119
2015-12-20 17:03:22.862306,92
2015-12-20 17:03:22.872682,92
2015-12-20 17:03:22.883365,119
2015-12-20 17:03:22.893708,123
2015-12-20 17:03:22.905780,89
2015-12-20 17:03:22.916419,97
2015-12-20 17:03:22.926751,102
2015-12-20 17:03:22.937074,117
2015-12-20 17:03:22.949634,108
2015-12-20 17:03:22.960634,56
2015-12-20 17:03:22.971005,170
2015-12-20 17:03:22.983220,0
2015-12-20 17:03:22.994278,224
2015-12-20 17:03:23.005666,0
2015-12-20 17:03:23.016416,0
2015-12-20 17:03:23.029206,0
2015-12-20 17:03:23.039638,93
2015-12-20 17:03:23.050621,275
2015-12-20 17:03:23.063033,208
2015-12-20 17:03:23.073388,160
2015-12-20 17:03:23.083705,0
2015-12-20 17:03:23.097362,16
2015-12-20 17:03:23.108079,0
2015-12-20 17:03:23.119616,51
2015-12-20 17:03:23.129872,148
2015-12-20 17:03:23.140159,101
2015-12-20 17:03:23.153024,146
2015-12-20 17:03:23.165759,42
2015-12-20 17:03:23.176070,119
2015-12-20 17:03:23.186370,114
2015-12-20 17:03:23.198050,73
2015-12-20 17:03:23.210502,49
2015-12-20 17:03:23.220891,115
2015-12-20 17:03:23.231166,77
2015-12-20 17:03:23.241883,147
2015-12-20 17:03:23.252889,130
2015-12-20 17:03:23.265575,86
2015-12-20 17:03:23.275893,110
2015-12-20 17:03:23.286194,91
2015-12-20 17:03:23.299667,97
2015-12-20 17:03:23.310409,113
2015-12-20 17:03:23.320765,123
2015-12-20 17:03:23.331194,99
2015-12-20 17:03:23.344402,87
2015-12-20 17:03:23.357071,112
2015-12-20 17:03:23.369418,113
2015-12-20 17:03:23.379714,93
2015-12-20 17:03:23.394702,127
2015-12-20 17:03:23.404940,93
2015-12-20 17:03:23.417648,84
2015-12-20 17:03:23.428484,117
2015-12-20 17:03:23.443813,102
2015-12-20 17:03:23.454066,108
2015-12-20 17:03:23.466744,114
2015-12-20 17:03:23.477923,106
2015-12-20 17:03:23.495568,102
2015-12-20 17:03:23.505793,99
2015-12-20 17:03:23.516403,109
2015-12-20 17:03:23.526930,110
2015-12-20 17:03:23.545346,100
2015-12-20 17:03:23.555609,98
2015-12-20 17:03:23.566336,103
2015-12-20 17:03:23.577396,112
2015-12-20 17:03:23.595377,109
2015-12-20 17:03:23.605727,100
2015-12-20 17:03:23.615867,99
2015-12-20 17:03:23.626104,109
2015-12-20 17:03:23.644527,113
2015-12-20 17:03:23.654681,107
2015-12-20 17:03:23.664981,108
2015-12-20 17:03:23.675716,118
2015-12-20 17:03:23.693893,110
2015-12-20 17:03:23.705024,79
2015-12-20 17:03:23.716339,73
2015-12-20 17:03:23.726673,113
2015-12-20 17:03:23.742833,131
2015-12-20 17:03:23.755114,79
2015-12-20 17:03:23.767382,126
2015-12-20 17:03:23.777665,84
2015-12-20 17:03:23.793503,113
2015-12-20 17:03:23.803874,75
2015-12-20 17:03:23.816348,127
2015-12-20 17:03:23.826704,66
2015-12-20 17:03:23.841808,131
2015-12-20 17:03:23.854516,125
2015-12-20 17:03:23.865679,102
2015-12-20 17:03:23.876330,63
2015-12-20 17:03:23.891480,59
2015-12-20 17:03:23.901786,119
2015-12-20 17:03:23.911996,107
2015-12-20 17:03:23.922291,151
2015-12-20 17:03:23.938234,144
2015-12-20 17:03:23.949879,167
2015-12-20 17:03:23.960331,165
2015-12-20 17:03:23.970542,143
2015-12-20 17:03:23.983094,111
2015-12-20 17:03:23.995850,122
2015-12-20 17:03:24.006174,95
2015-12-20 17:03:24.016977,81
2015-12-20 17:03:24.027322,119
2015-12-20 17:03:24.039637,118
2015-12-20 17:03:24.049892,94
2015-12-20 17:03:24.060239,114
2015-12-20 17:03:24.070729,106
2015-12-20 17:03:24.084792,91
2015-12-20 17:03:24.097500,126
2015-12-20 17:03:24.107857,98
2015-12-20 17:03:24.118404,109
2015-12-20 17:03:24.129632,110
2015-12-20 17:03:24.140714,101
2015-12-20 17:03:24.151936,98
2015-12-20 17:03:24.162149,82
2015-12-20 17:03:24.172376,118
2015-12-20 17:03:24.185975,131
2015-12-20 17:03:24.197629,147
2015-12-20 17:03:24.208039,117
2015-12-20 17:03:24.219662,0
2015-12-20 17:03:24.237398,198
2015-12-20 17:03:24.249905,261
2015-12-20 17:03:24.260222,170
2015-12-20 17:03:24.270848,89
2015-12-20 17:03:24.287554,201
2015-12-20 17:03:24.300248,345
2015-12-20 17:03:24.310634,0
2015-12-20 17:03:24.322332,0
2015-12-20 17:03:24.336740,15
2015-12-20 17:03:24.349148,509
2015-12-20 17:03:24.359629,516
2015-12-20 17:03:24.370788,513
2015-12-20 17:03:24.389959,0
2015-12-20 17:03:24.402272,324
2015-12-20 17:03:24.412492,523
2015-12-20 17:03:24.422685,511
2015-12-20 17:03:24.438341,0
2015-12-20 17:03:24.449930,491
2015-12-20 17:03:24.461105,0
2015-12-20 17:03:24.471407,471
2015-12-20 17:03:24.483178,0
2015-12-20 17:03:24.495929,0
2015-12-20 17:03:24.506074,512
2015-12-20 17:03:24.518775,536
2015-12-20 17:03:24.529243,527
2015-12-20 17:03:24.539445,0
2015-12-20 17:03:24.550981,518
2015-12-20 17:03:24.562129,206
2015-12-20 17:03:24.574304,0
2015-12-20 17:03:24.584663,312
2015-12-20 17:03:24.598717,0
2015-12-20 17:03:24.611277,0
2015-12-20 17:03:24.621691,300
2015-12-20 17:03:24.632020,213
2015-12-20 17:03:24.646410,218
2015-12-20 17:03:24.659112,138
2015-12-20 17:03:24.669334,167
2015-12-20 17:03:24.679839,207
2015-12-20 17:03:24.697205,220
2015-12-20 17:03:24.709584,176
2015-12-20 17:03:24.720125,61
2015-12-20 17:03:24.730907,85
2015-12-20 17:03:24.746337,63
2015-12-20 17:03:24.756460,104
2015-12-20 17:03:24.766840,119
2015-12-20 17:03:24.777579,101
2015-12-20 17:03:24.791055,97
2015-12-20 17:03:24.801320,109
2015-12-20 17:03:24.811483,109
2015-12-20 17:03:24.824106,87
2015-12-20 17:03:24.834851,134
2015-12-20 17:03:24.847911,81
2015-12-20 17:03:24.858041,155
2015-12-20 17:03:24.869246,58
2015-12-20 17:03:24.879952,109
2015-12-20 17:03:24.893783,103
2015-12-20 17:03:24.904892,87
2015-12-20 17:03:24.916500,101
2015-12-20 17:03:24.926749,141
2015-12-20 17:03:24.938839,128
2015-12-20 17:03:24.949941,83
2015-12-20 17:03:24.960144,108
2015-12-20 17:03:24.972987,77
2015-12-20 17:03:24.983206,80
2015-12-20 17:03:24.995908,101
2015-12-20 17:03:25.006068,80
2015-12-20 17:03:25.016812,47
2015-12-20 17:03:25.027152,41
2015-12-20 17:03:25.039997,115
2015-12-20 17:03:25.051023,91
2015-12-20 17:03:25.061176,161
2015-12-20 17:03:25.071458,99
2015-12-20 17:03:25.084059,57
2015-12-20 17:03:25.094597,130
2015-12-20 17:03:25.104875,91
2015-12-20 17:03:25.115206,39
2015-12-20 17:03:25.127255,127
2015-12-20 17:03:25.139693,37
2015-12-20 17:03:25.150972,116
2015-12-20 17:03:25.161399,155
2015-12-20 17:03:25.175774,58
2015-12-20 17:03:25.186033,154
2015-12-20 17:03:25.196883,90
2015-12-20 17:03:25.209273,166
2015-12-20 17:03:25.220153,52
2015-12-20 17:03:25.232530,106
2015-12-20 17:03:25.245214,118
2015-12-20 17:03:25.257957,98
2015-12-20 17:03:25.268373,94
2015-12-20 17:03:25.282016,112
2015-12-20 17:03:25.292277,132
2015-12-20 17:03:25.303494,102
2015-12-20 17:03:25.314577,80
2015-12-20 17:03:25.327942,116
2015-12-20 17:03:25.338078,83
2015-12-20 17:03:25.348395,86
2015-12-20 17:03:25.359782,148
2015-12-20 17:03:25.371154,68
2015-12-20 17:03:25.381646,97
2015-12-20 17:03:25.391839,97
2015-12-20 17:03:25.404591,73
2015-12-20 17:03:25.414981,136
2015-12-20 17:03:25.430888,83
2015-12-20 17:03:25.441028,99
2015-12-20 17:03:25.453747,86
2015-12-20 17:03:25.464160,141
2015-12-20 17:03:25.480195,160
2015-12-20 17:03:25.490336,148
2015-12-20 17:03:25.503042,113
2015-12-20 17:03:25.513281,111
2015-12-20 17:03:25.530005,119
2015-12-20 17:03:25.540369,90
2015-12-20 17:03:25.553075,99
2015-12-20 17:03:25.563340,143
2015-12-20 17:03:25.578930,105
2015-12-20 17:03:25.589128,123
2015-12-20 17:03:25.601908,167
2015-12-20 17:03:25.612249,113
2015-12-20 17:03:25.626953,91
2015-12-20 17:03:25.637158,117
2015-12-20 17:03:25.649923,89
2015-12-20 17:03:25.660523,120
2015-12-20 17:03:25.677274,103
2015-12-20 17:03:25.687508,111
2015-12-20 17:03:25.700241,95
2015-12-20 17:03:25.710629,112
2015-12-20 17:03:25.726716,105
2015-12-20 17:03:25.736979,91
2015-12-20 17:03:25.749767,95
2015-12-20 17:03:25.759998,126
2015-12-20 17:03:25.778324,110
2015-12-20 17:03:25.788775,25
2015-12-20 17:03:25.799963,150
2015-12-20 17:03:25.810233,97
2015-12-20 17:03:25.824968,0
2015-12-20 17:03:25.835847,187
2015-12-20 17:03:25.847458,348
2015-12-20 17:03:25.857753,74
2015-12-20 17:03:25.873924,160
2015-12-20 17:03:25.884633,141
2015-12-20 17:03:25.895079,295
2015-12-20 17:03:25.905809,159
2015-12-20 17:03:25.921638,290
2015-12-20 17:03:25.933437,0
2015-12-20 17:03:25.943728,0
2015-12-20 17:03:25.954473,0
2015-12-20 17:03:25.966671,0
2015-12-20 17:03:25.979271,499
2015-12-20 17:03:25.989558,247
2015-12-20 17:03:26.000166,454
2015-12-20 17:03:26.016057,0
2015-12-20 17:03:26.028442,486
2015-12-20 17:03:26.038833,0
2015-12-20 17:03:26.049445,512
2015-12-20 17:03:26.065208,158
2015-12-20 17:03:26.077618,0
2015-12-20 17:03:26.087975,0
2015-12-20 17:03:26.098208,522
2015-12-20 17:03:26.109306,0
2015-12-20 17:03:26.120560,100
2015-12-20 17:03:26.130869,368
2015-12-20 17:03:26.141168,48
2015-12-20 17:03:26.151480,227
2015-12-20 17:03:26.164874,0
2015-12-20 17:03:26.175928,394
2015-12-20 17:03:26.186130,107
2015-12-20 17:03:26.196451,63
2015-12-20 17:03:26.210685,27
2015-12-20 17:03:26.223400,83
2015-12-20 17:03:26.236225,213
2015-12-20 17:03:26.246553,338
2015-12-20 17:03:26.261954,0
2015-12-20 17:03:26.274218,232
2015-12-20 17:03:26.285539,97
2015-12-20 17:03:26.295818,150
2015-12-20 17:03:26.309877,49
2015-12-20 17:03:26.320107,60
2015-12-20 17:03:26.332861,82
2015-12-20 17:03:26.343933,73
2015-12-20 17:03:26.359763,36
2015-12-20 17:03:26.369954,91
2015-12-20 17:03:26.380619,120
2015-12-20 17:03:26.393156,127
2015-12-20 17:03:26.408364,35
2015-12-20 17:03:26.418797,66
2015-12-20 17:03:26.428976,100
2015-12-20 17:03:26.441734,140
2015-12-20 17:03:26.452221,108
2015-12-20 17:03:26.466090,90
2015-12-20 17:03:26.478748,109
2015-12-20 17:03:26.491239,106
2015-12-20 17:03:26.502467,112
2015-12-20 17:03:26.515470,85
2015-12-20 17:03:26.525647,96
2015-12-20 17:03:26.536249,101
2015-12-20 17:03:26.547555,117
2015-12-20 17:03:26.561475,122
2015-12-20 17:03:26.573144,98
2015-12-20 17:03:26.586031,85
2015-12-20 17:03:26.597103,84
2015-12-20 17:03:26.611116,111
2015-12-20 17:03:26.621295,116
2015-12-20 17:03:26.633359,106
2015-12-20 17:03:26.643786,94
2015-12-20 17:03:26.659669,107
2015-12-20 17:03:26.671056,104
2015-12-20 17:03:26.683894,93
2015-12-20 17:03:26.694629,90
2015-12-20 17:03:26.711964,95
2015-12-20 17:03:26.722120,139
2015-12-20 17:03:26.732796,98
2015-12-20 17:03:26.743572,81
2015-12-20 17:03:26.758797,132
2015-12-20 17:03:26.769071,69
2015-12-20 17:03:26.779589,131
2015-12-20 17:03:26.790804,77
2015-12-20 17:03:26.807894,106
2015-12-20 17:03:26.818865,104
2015-12-20 17:03:26.829100,89
2015-12-20 17:03:26.839709,116
2015-12-20 17:03:26.856967,104
2015-12-20 17:03:26.868007,117
2015-12-20 17:03:26.878227,52
2015-12-20 17:03:26.888630,141
2015-12-20 17:03:26.904886,106
2015-12-20 17:03:26.916900,100
2015-12-20 17:03:26.927251,43
2015-12-20 17:03:26.938083,211
2015-12-20 17:03:26.954015,0
2015-12-20 17:03:26.966515,213
2015-12-20 17:03:26.976824,0
2015-12-20 17:03:26.987192,264
2015-12-20 17:03:26.999116,96
2015-12-20 17:03:27.011482,0
2015-12-20 17:03:27.021933,174
2015-12-20 17:03:27.032246,108
2015-12-20 17:03:27.044180,104
2015-12-20 17:03:27.056577,107
2015-12-20 17:03:27.066916,56
2015-12-20 17:03:27.079733,111
2015-12-20 17:03:27.090188,159
2015-12-20 17:03:27.103677,126
2015-12-20 17:03:27.113904,41
2015-12-20 17:03:27.124193,81
2015-12-20 17:03:27.134518,133
2015-12-20 17:03:27.146531,90
2015-12-20 17:03:27.158957,166
2015-12-20 17:03:27.171220,80
2015-12-20 17:03:27.181629,45
2015-12-20 17:03:27.195263,73
2015-12-20 17:03:27.205375,106
2015-12-20 17:03:27.216268,129
2015-12-20 17:03:27.227538,124
2015-12-20 17:03:27.238557,128
2015-12-20 17:03:27.249510,112
2015-12-20 17:03:27.259696,100
2015-12-20 17:03:27.272375,87
2015-12-20 17:03:27.282723,92
2015-12-20 17:03:27.298083,95
2015-12-20 17:03:27.309343,102
2015-12-20 17:03:27.322049,90
2015-12-20 17:03:27.332350,105
2015-12-20 17:03:27.347243,120
2015-12-20 17:03:27.357388,122
2015-12-20 17:03:27.367674,132
2015-12-20 17:03:27.378736,123
2015-12-20 17:03:27.396413,88
2015-12-20 17:03:27.406668,95
2015-12-20 17:03:27.416865,104
2015-12-20 17:03:27.427406,78
2015-12-20 17:03:27.445547,56
2015-12-20 17:03:27.455744,76
2015-12-20 17:03:27.465993,135
2015-12-20 17:03:27.477375,160
2015-12-20 17:03:27.494833,102
2015-12-20 17:03:27.506072,100
2015-12-20 17:03:27.516810,117
2015-12-20 17:03:27.527903,63
2015-12-20 17:03:27.543843,38
2015-12-20 17:03:27.554126,109
2015-12-20 17:03:27.566857,193
2015-12-20 17:03:27.577595,105
2015-12-20 17:03:27.594290,47
2015-12-20 17:03:27.605407,124
2015-12-20 17:03:27.618155,158
2015-12-20 17:03:27.629192,60
2015-12-20 17:03:27.643535,80
2015-12-20 17:03:27.654486,133
2015-12-20 17:03:27.667206,98
2015-12-20 17:03:27.678165,119
2015-12-20 17:03:27.691291,91
2015-12-20 17:03:27.702922,23
2015-12-20 17:03:27.713133,95
2015-12-20 17:03:27.723706,161
2015-12-20 17:03:27.739933,109
2015-12-20 17:03:27.750319,60
2015-12-20 17:03:27.760679,144
2015-12-20 17:03:27.771644,150
2015-12-20 17:03:27.789208,8
2015-12-20 17:03:27.799596,81
2015-12-20 17:03:27.809791,167
2015-12-20 17:03:27.820187,117
2015-12-20 17:03:27.833543,55
2015-12-20 17:03:27.843680,162
2015-12-20 17:03:27.853894,169
2015-12-20 17:03:27.864250,0
2015-12-20 17:03:27.875501,20
2015-12-20 17:03:27.888009,151
2015-12-20 17:03:27.900290,101
2015-12-20 17:03:27.910716,72
2015-12-20 17:03:27.920961,110
2015-12-20 17:03:27.932830,140
2015-12-20 17:03:27.943001,112
2015-12-20 17:03:27.953966,82
2015-12-20 17:03:27.964468,80
2015-12-20 17:03:27.975935,90
2015-12-20 17:03:27.986145,116
2015-12-20 17:03:27.996313,150
2015-12-20 17:03:28.006674,137
2015-12-20 17:03:28.016876,96
2015-12-20 17:03:28.027604,82
2015-12-20 17:03:28.038652,85
2015-12-20 17:03:28.050188,98
2015-12-20 17:03:28.060377,95
2015-12-20 17:03:28.072219,112
2015-12-20 17:03:28.083671,97
2015-12-20 17:03:28.094041,98
2015-12-20 17:03:28.106429,92
2015-12-20 17:03:28.117125,114
2015-12-20 17:03:28.128096,120
2015-12-20 17:03:28.138237,108
2015-12-20 17:03:28.150063,111
2015-12-20 17:03:28.160476,109
2015-12-20 17:03:28.174582,97
2015-12-20 17:03:28.185215,89
2015-12-20 17:03:28.195356,93
2015-12-20 17:03:28.205634,108
2015-12-20 17:03:28.219690,97
2015-12-20 17:03:28.229831,134
2015-12-20 17:03:28.240074,105
2015-12-20 17:03:28.250643,94
2015-12-20 17:03:28.261112,88
2015-12-20 17:03:28.273024,107
2015-12-20 17:03:28.283697,120
2015-12-20 17:03:28.294030,78
2015-12-20 17:03:28.304308,122
2015-12-20 17:03:28.319852,68
2015-12-20 17:03:28.330389,130
2015-12-20 17:03:28.340722,106
2015-12-20 17:03:28.351186,114
2015-12-20 17:03:28.367888,76
2015-12-20 17:03:28.379536,123
2015-12-20 17:03:28.389955,115
2015-12-20 17:03:28.400317,103
2015-12-20 17:03:28.416443,96
2015-12-20 17:03:28.426580,90
2015-12-20 17:03:28.439253,104
2015-12-20 17:03:28.449799,115
2015-12-20 17:03:28.465767,129
2015-12-20 17:03:28.475926,105
2015-12-20 17:03:28.488614,91
2015-12-20 17:03:28.500392,83
2015-12-20 17:03:28.514585,106
2015-12-20 17:03:28.524731,96
2015-12-20 17:03:28.535152,112
2015-12-20 17:03:28.545390,107
2015-12-20 17:03:28.559642,102
2015-12-20 17:03:28.570172,106
2015-12-20 17:03:28.580402,112
2015-12-20 17:03:28.593110,107
2015-12-20 17:03:28.603493,104
2015-12-20 17:03:28.615700,108
2015-12-20 17:03:28.625920,108
2015-12-20 17:03:28.637571,100
2015-12-20 17:03:28.648164,101
2015-12-20 17:03:28.662042,101
2015-12-20 17:03:28.672235,104
2015-12-20 17:03:28.682545,102
2015-12-20 17:03:28.693465,109
2015-12-20 17:03:28.707165,102
2015-12-20 17:03:28.719838,106
2015-12-20 17:03:28.730021,107
2015-12-20 17:03:28.742775,109
2015-12-20 17:03:28.753364,102
2015-12-20 17:03:28.764725,109
2015-12-20 17:03:28.775050,105
2015-12-20 17:03:28.787750,103
2015-12-20 17:03:28.798194,102
2015-12-20 17:03:28.813179,107
2015-12-20 17:03:28.824381,104
2015-12-20 17:03:28.834893,105
2015-12-20 17:03:28.845231,103
2015-12-20 17:03:28.863900,107
2015-12-20 17:03:28.874101,106
2015-12-20 17:03:28.884631,104
2015-12-20 17:03:28.894850,105
2015-12-20 17:03:28.912909,106
2015-12-20 17:03:28.924213,106
2015-12-20 17:03:28.936918,103
2015-12-20 17:03:28.947678,107
2015-12-20 17:03:28.962314,104
2015-12-20 17:03:28.972456,106
2015-12-20 17:03:28.983443,107
2015-12-20 17:03:28.994379,105
2015-12-20 17:03:29.011527,103
2015-12-20 17:03:29.021967,106
2015-12-20 17:03:29.033645,111
2015-12-20 17:03:29.044345,104
2015-12-20 17:03:29.059326,104
2015-12-20 17:03:29.069574,107
2015-12-20 17:03:29.082325,103
2015-12-20 17:03:29.093024,101
2015-12-20 17:03:29.108477,109
2015-12-20 17:03:29.119820,106
2015-12-20 17:03:29.130084,104
2015-12-20 17:03:29.140581,106
2015-12-20 17:03:29.159186,106
2015-12-20 17:03:29.169477,103
2015-12-20 17:03:29.179693,107
2015-12-20 17:03:29.190709,101
2015-12-20 17:03:29.208221,106
2015-12-20 17:03:29.219146,104
2015-12-20 17:03:29.229416,102
2015-12-20 17:03:29.240249,103
2015-12-20 17:03:29.257268,106
2015-12-20 17:03:29.268227,106
2015-12-20 17:03:29.278790,105
2015-12-20 17:03:29.289154,108
2015-12-20 17:03:29.306146,106
2015-12-20 17:03:29.317180,108
2015-12-20 17:03:29.327597,103
2015-12-20 17:03:29.338115,102
2015-12-20 17:03:29.353480,105
2015-12-20 17:03:29.363667,110
2015-12-20 17:03:29.374026,107
2015-12-20 17:03:29.384348,104
2015-12-20 17:03:29.398949,104
2015-12-20 17:03:29.411675,108
2015-12-20 17:03:29.422024,103
2015-12-20 17:03:29.432521,106
2015-12-20 17:03:29.443797,107
2015-12-20 17:03:29.454020,105
2015-12-20 17:03:29.466714,106
2015-12-20 17:03:29.477105,109
2015-12-20 17:03:29.487369,104
2015-12-20 17:03:29.500413,102
2015-12-20 17:03:29.513113,109
2015-12-20 17:03:29.523473,106
2015-12-20 17:03:29.533821,102
2015-12-20 17:03:29.546734,102
2015-12-20 17:03:29.559433,109
2015-12-20 17:03:29.569784,105
2015-12-20 17:03:29.580160,106
2015-12-20 17:03:29.594448,105
2015-12-20 17:03:29.607149,105
2015-12-20 17:03:29.619263,103
2015-12-20 17:03:29.629865,105
2015-12-20 17:03:29.647988,105
2015-12-20 17:03:29.659150,107
2015-12-20 17:03:29.669740,105
2015-12-20 17:03:29.680132,108
2015-12-20 17:03:29.697451,107
2015-12-20 17:03:29.707592,102
2015-12-20 17:03:29.718905,109
2015-12-20 17:03:29.729814,102
2015-12-20 17:03:29.745272,110
2015-12-20 17:03:29.755399,102
2015-12-20 17:03:29.767055,103
2015-12-20 17:03:29.778078,114
2015-12-20 17:03:29.795130,99
2015-12-20 17:03:29.805246,104
2015-12-20 17:03:29.817157,109
2015-12-20 17:03:29.828328,105
2015-12-20 17:03:29.846690,104
2015-12-20 17:03:29.856914,106
2015-12-20 17:03:29.869664,106
2015-12-20 17:03:29.880188,105
2015-12-20 17:03:29.896194,108
2015-12-20 17:03:29.906458,101
2015-12-20 17:03:29.917497,107
2015-12-20 17:03:29.928215,105
2015-12-20 17:03:29.945084,105
2015-12-20 17:03:29.955375,106
2015-12-20 17:03:29.966961,104
2015-12-20 17:03:29.977275,107
2015-12-20 17:03:29.994542,105
2015-12-20 17:03:30.004705,106
2015-12-20 17:03:30.017119,107
2015-12-20 17:03:30.027573,103
2015-12-20 17:03:30.042345,104
2015-12-20 17:03:30.052791,108
2015-12-20 17:03:30.063017,103
2015-12-20 17:03:30.073536,106
2015-12-20 17:03:30.092722,107
2015-12-20 17:03:30.103846,101
2015-12-20 17:03:30.114117,107
2015-12-20 17:03:30.124786,109
2015-12-20 17:03:30.140666,103
2015-12-20 17:03:30.152668,104
2015-12-20 17:03:30.162972,108
2015-12-20 17:03:30.173677,104
2015-12-20 17:03:30.190022,106
2015-12-20 17:03:30.200630,106
2015-12-20 17:03:30.211019,103
2015-12-20 17:03:30.221489,107
2015-12-20 17:03:30.237349,108
2015-12-20 17:03:30.250637,102
2015-12-20 17:03:30.263495,103
2015-12-20 17:03:30.274073,108
2015-12-20 17:03:30.287974,109
2015-12-20 17:03:30.300534,107
2015-12-20 17:03:30.310912,104
2015-12-20 17:03:30.321335,106
2015-12-20 17:03:30.337360,105
2015-12-20 17:03:30.349695,107
2015-12-20 17:03:30.360012,104
2015-12-20 17:03:30.370556,103
2015-12-20 17:03:30.383856,104
2015-12-20 17:03:30.394735,107
2015-12-20 17:03:30.405225,107
2015-12-20 17:03:30.415880,106
2015-12-20 17:03:30.433866,107
2015-12-20 17:03:30.446571,106
2015-12-20 17:03:30.457044,107
2015-12-20 17:03:30.467396,103
2015-12-20 17:03:30.484359,104
2015-12-20 17:03:30.497132,104
2015-12-20 17:03:30.508496,109
2015-12-20 17:03:30.518987,109
2015-12-20 17:03:30.532993,108
2015-12-20 17:03:30.543257,104
2015-12-20 17:03:30.554476,106
2015-12-20 17:03:30.565362,103
2015-12-20 17:03:30.581520,102
2015-12-20 17:03:30.592753,105
2015-12-20 17:03:30.605458,109
2015-12-20 17:03:30.615932,109
2015-12-20 17:03:30.632190,104
2015-12-20 17:03:30.642419,104
2015-12-20 17:03:30.655175,103
2015-12-20 17:03:30.665677,106
2015-12-20 17:03:30.681693,107
2015-12-20 17:03:30.691886,107
2015-12-20 17:03:30.704617,103
2015-12-20 17:03:30.715045,102
2015-12-20 17:03:30.731287,110
2015-12-20 17:03:30.741518,102
2015-12-20 17:03:30.754260,104
2015-12-20 17:03:30.764954,109
2015-12-20 17:03:30.780741,103
2015-12-20 17:03:30.790936,107
2015-12-20 17:03:30.801237,107
2015-12-20 17:03:30.811611,103
2015-12-20 17:03:30.825690,108
2015-12-20 17:03:30.836928,107
2015-12-20 17:03:30.849258,105
2015-12-20 17:03:30.859859,106
2015-12-20 17:03:30.876100,106
2015-12-20 17:03:30.887219,105
2015-12-20 17:03:30.897408,107
2015-12-20 17:03:30.908802,104
2015-12-20 17:03:30.922724,104
2015-12-20 17:03:30.934041,106
2015-12-20 17:03:30.944487,102
2015-12-20 17:03:30.955059,101
2015-12-20 17:03:30.972401,114
2015-12-20 17:03:30.983497,99
2015-12-20 17:03:30.993770,109
2015-12-20 17:03:31.004591,101
2015-12-20 17:03:31.021618,110
2015-12-20 17:03:31.033686,105
2015-12-20 17:03:31.044031,106
2015-12-20 17:03:31.054359,105
2015-12-20 17:03:31.066405,107
2015-12-20 17:03:31.078619,104
2015-12-20 17:03:31.088804,116
2015-12-20 17:03:31.099484,104
2015-12-20 17:03:31.115154,101
2015-12-20 17:03:31.126112,105
2015-12-20 17:03:31.138830,99
2015-12-20 17:03:31.149659,95
2015-12-20 17:03:31.161049,113
2015-12-20 17:03:31.171429,119
2015-12-20 17:03:31.183905,101
2015-12-20 17:03:31.194242,103
2015-12-20 17:03:31.211037,113
2015-12-20 17:03:31.223752,92
2015-12-20 17:03:31.234281,94
2015-12-20 17:03:31.244567,99
2015-12-20 17:03:31.260189,107
2015-12-20 17:03:31.270429,129
2015-12-20 17:03:31.280623,103
2015-12-20 17:03:31.292137,109
2015-12-20 17:03:31.309309,77
2015-12-20 17:03:31.319705,99
2015-12-20 17:03:31.329994,133
2015-12-20 17:03:31.340715,107
2015-12-20 17:03:31.356579,107
2015-12-20 17:03:31.367441,80
2015-12-20 17:03:31.377899,119
2015-12-20 17:03:31.389090,112
2015-12-20 17:03:31.406295,88
2015-12-20 17:03:31.417449,111
2015-12-20 17:03:31.427995,106
2015-12-20 17:03:31.439051,120
2015-12-20 17:03:31.456251,89
2015-12-20 17:03:31.468941,104
2015-12-20 17:03:31.479265,123
2015-12-20 17:03:31.490033,74
2015-12-20 17:03:31.503700,97
2015-12-20 17:03:31.516443,155
2015-12-20 17:03:31.526749,65
2015-12-20 17:03:31.537141,77
2015-12-20 17:03:31.550664,161
2015-12-20 17:03:31.562022,73
2015-12-20 17:03:31.572246,72
2015-12-20 17:03:31.583256,166
2015-12-20 17:03:31.600122,55
2015-12-20 17:03:31.610244,123
2015-12-20 17:03:31.622931,101
2015-12-20 17:03:31.633421,68
2015-12-20 17:03:31.649489,165
2015-12-20 17:03:31.659856,43
2015-12-20 17:03:31.672534,158
2015-12-20 17:03:31.683027,63
2015-12-20 17:03:31.698125,100
2015-12-20 17:03:31.710793,95
2015-12-20 17:03:31.723643,86
2015-12-20 17:03:31.734404,132
2015-12-20 17:03:31.749789,76
2015-12-20 17:03:31.760046,115
2015-12-20 17:03:31.771024,107
2015-12-20 17:03:31.781334,57
2015-12-20 17:03:31.796694,92
2015-12-20 17:03:31.806860,87
2015-12-20 17:03:31.819595,67
2015-12-20 17:03:31.830868,101
2015-12-20 17:03:31.848445,173
2015-12-20 17:03:31.858592,2
2015-12-20 17:03:31.869246,207
2015-12-20 17:03:31.879669,35
2015-12-20 17:03:31.895085,103
2015-12-20 17:03:31.905463,150
2015-12-20 17:03:31.917321,89
2015-12-20 17:03:31.927952,102
2015-12-20 17:03:31.944105,48
2015-12-20 17:03:31.956817,151
2015-12-20 17:03:31.967274,170
2015-12-20 17:03:31.977605,7
2015-12-20 17:03:31.993341,146
2015-12-20 17:03:32.004051,131
2015-12-20 17:03:32.016786,0
2015-12-20 17:03:32.027170,212
2015-12-20 17:03:32.042530,21
2015-12-20 17:03:32.053489,139
2015-12-20 17:03:32.063673,119
2015-12-20 17:03:32.074339,59
2015-12-20 17:03:32.089659,142
2015-12-20 17:03:32.100857,78
2015-12-20 17:03:32.111303,115
2015-12-20 17:03:32.121564,100
2015-12-20 17:03:32.140397,122
2015-12-20 17:03:32.150856,84
2015-12-20 17:03:32.161146,130
2015-12-20 17:03:32.171793,75
2015-12-20 17:03:32.188451,125
2015-12-20 17:03:32.200864,97
2015-12-20 17:03:32.211265,103
2015-12-20 17:03:32.221854,101
2015-12-20 17:03:32.237675,97
2015-12-20 17:03:32.250188,109
2015-12-20 17:03:32.260466,109
2015-12-20 17:03:32.270984,120
2015-12-20 17:03:32.287535,90
2015-12-20 17:03:32.300263,77
2015-12-20 17:03:32.310706,130
2015-12-20 17:03:32.321009,59
2015-12-20 17:03:32.336074,157
2015-12-20 17:03:32.348476,62
2015-12-20 17:03:32.358785,152
2015-12-20 17:03:32.369359,34
2015-12-20 17:03:32.384512,155
2015-12-20 17:03:32.397204,17
2015-12-20 17:03:32.407551,128
2015-12-20 17:03:32.417844,41
2015-12-20 17:03:32.432909,155
2015-12-20 17:03:32.443100,79
2015-12-20 17:03:32.454991,131
2015-12-20 17:03:32.465340,56
2015-12-20 17:03:32.482955,114
2015-12-20 17:03:32.493120,78
2015-12-20 17:03:32.504141,137
2015-12-20 17:03:32.515017,111
2015-12-20 17:03:32.532588,119
2015-12-20 17:03:32.545278,89
2015-12-20 17:03:32.557424,127
2015-12-20 17:03:32.568757,89
2015-12-20 17:03:32.585105,123
2015-12-20 17:03:32.595248,89
2015-12-20 17:03:32.607993,129
2015-12-20 17:03:32.618699,111
2015-12-20 17:03:32.632209,105
2015-12-20 17:03:32.642449,114
2015-12-20 17:03:32.655148,133
2015-12-20 17:03:32.665519,100
2015-12-20 17:03:32.681294,104
2015-12-20 17:03:32.691594,98
2015-12-20 17:03:32.704343,117
2015-12-20 17:03:32.714713,80
2015-12-20 17:03:32.730716,104
2015-12-20 17:03:32.740964,99
2015-12-20 17:03:32.751326,103
2015-12-20 17:03:32.761699,73
2015-12-20 17:03:32.778438,105
2015-12-20 17:03:32.788668,89
2015-12-20 17:03:32.798899,46
2015-12-20 17:03:32.809021,118
2015-12-20 17:03:32.827448,139
2015-12-20 17:03:32.837647,72
2015-12-20 17:03:32.847840,128
2015-12-20 17:03:32.858963,124
2015-12-20 17:03:32.872643,68
2015-12-20 17:03:32.884212,110
2015-12-20 17:03:32.896959,123
2015-12-20 17:03:32.907266,100
2015-12-20 17:03:32.919367,125
2015-12-20 17:03:32.930070,100
2015-12-20 17:03:32.940464,119
2015-12-20 17:03:32.950803,117
2015-12-20 17:03:32.961017,109
2015-12-20 17:03:32.975038,125
2015-12-20 17:03:32.986712,92
2015-12-20 17:03:32.997028,126
2015-12-20 17:03:33.008351,106
2015-12-20 17:03:33.022811,115
2015-12-20 17:03:33.034242,75
2015-12-20 17:03:33.044551,112
2015-12-20 17:03:33.057043,120
2015-12-20 17:03:33.068662,94
2015-12-20 17:03:33.081401,136
2015-12-20 17:03:33.091628,97
2015-12-20 17:03:33.102290,93
2015-12-20 17:03:33.112650,141
2015-12-20 17:03:33.128281,56
2015-12-20 17:03:33.138429,114
2015-12-20 17:03:33.150741,70
2015-12-20 17:03:33.161277,124
2015-12-20 17:03:33.175745,121
2015-12-20 17:03:33.187352,112
2015-12-20 17:03:33.197621,82
2015-12-20 17:03:33.208765,139
2015-12-20 17:03:33.224896,113
2015-12-20 17:03:33.236316,91
2015-12-20 17:03:33.246510,125
2015-12-20 17:03:33.257573,96
2015-12-20 17:03:33.274091,120
2015-12-20 17:03:33.284295,105
2015-12-20 17:03:33.294617,91
2015-12-20 17:03:33.305521,128
2015-12-20 17:03:33.323553,97
2015-12-20 17:03:33.337207,112
2015-12-20 17:03:33.347464,84
2015-12-20 17:03:33.357876,103
2015-12-20 17:03:33.373502,124
2015-12-20 17:03:33.384346,117
2015-12-20 17:03:33.394752,87
2015-12-20 17:03:33.404964,100
2015-12-20 17:03:33.417407,123
2015-12-20 17:03:33.429812,85
2015-12-20 17:03:33.440142,72
2015-12-20 17:03:33.450448,125
2015-12-20 17:03:33.464156,112
2015-12-20 17:03:33.474853,99
2015-12-20 17:03:33.485283,136
2015-12-20 17:03:33.495488,159
2015-12-20 17:03:33.505635,81
2015-12-20 17:03:33.517586,39
2015-12-20 17:03:33.528100,83
2015-12-20 17:03:33.538289,137
2015-12-20 17:03:33.549607,113
2015-12-20 17:03:33.559926,102
2015-12-20 17:03:33.573558,92
2015-12-20 17:03:33.584464,41
2015-12-20 17:03:33.594746,14
2015-12-20 17:03:33.605174,34
2015-12-20 17:03:33.617586,93
2015-12-20 17:03:33.630276,154
2015-12-20 17:03:33.640724,151
2015-12-20 17:03:33.651254,143
2015-12-20 17:03:33.667265,102
2015-12-20 17:03:33.679644,80
2015-12-20 17:03:33.689961,81
2015-12-20 17:03:33.700381,144
2015-12-20 17:03:33.716251,163
2015-12-20 17:03:33.728810,87
2015-12-20 17:03:33.739309,69
2015-12-20 17:03:33.749805,55
2015-12-20 17:03:33.765548,99
2015-12-20 17:03:33.778237,166
2015-12-20 17:03:33.788554,137
2015-12-20 17:03:33.798937,73
2015-12-20 17:03:33.813132,54
2015-12-20 17:03:33.823293,125
2015-12-20 17:03:33.835187,132
2015-12-20 17:03:33.845700,116
2015-12-20 17:03:33.858685,117
2015-12-20 17:03:33.870502,93
2015-12-20 17:03:33.880799,72
2015-12-20 17:03:33.891846,125
2015-12-20 17:03:33.908908,135
2015-12-20 17:03:33.920117,104
2015-12-20 17:03:33.930411,92
2015-12-20 17:03:33.940740,119
2015-12-20 17:03:33.958817,115
2015-12-20 17:03:33.970121,111
2015-12-20 17:03:33.980361,71
2015-12-20 17:03:33.991400,102
2015-12-20 17:03:34.007073,131
2015-12-20 17:03:34.019502,80
2015-12-20 17:03:34.029703,98
2015-12-20 17:03:34.039976,115
2015-12-20 17:03:34.050252,111
2015-12-20 17:03:34.061343,101
2015-12-20 17:03:34.071510,101
2015-12-20 17:03:34.083972,123
2015-12-20 17:03:34.094427,107
2015-12-20 17:03:34.109601,97
2015-12-20 17:03:34.121060,83
2015-12-20 17:03:34.131316,113
2015-12-20 17:03:34.141955,111
2015-12-20 17:03:34.158947,114
2015-12-20 17:03:34.170107,96
2015-12-20 17:03:34.180332,98
2015-12-20 17:03:34.190806,103
2015-12-20 17:03:34.207447,115
2015-12-20 17:03:34.219606,127
2015-12-20 17:03:34.229800,105
2015-12-20 17:03:34.240447,101
2015-12-20 17:03:34.255607,93
2015-12-20 17:03:34.267787,81
2015-12-20 17:03:34.278181,125
2015-12-20 17:03:34.288458,116
2015-12-20 17:03:34.300997,126
2015-12-20 17:03:34.311413,107
2015-12-20 17:03:34.321746,126
2015-12-20 17:03:34.334134,113
2015-12-20 17:03:34.344465,115
2015-12-20 17:03:34.355484,110
2015-12-20 17:03:34.365877,92
2015-12-20 17:03:34.378563,118
2015-12-20 17:03:34.391264,109
2015-12-20 17:03:34.401548,93
2015-12-20 17:03:34.412701,107
2015-12-20 17:03:34.422855,109
2015-12-20 17:03:34.435542,99
2015-12-20 17:03:34.445905,94
2015-12-20 17:03:34.457438,102
2015-12-20 17:03:34.467781,109
2015-12-20 17:03:34.477956,90
2015-12-20 17:03:34.490701,116
2015-12-20 17:03:34.501390,99
2015-12-20 17:03:34.515766,100
2015-12-20 17:03:34.528464,104
2015-12-20 17:03:34.539865,106
2015-12-20 17:03:34.550447,97
2015-12-20 17:03:34.560852,105
2015-12-20 17:03:34.572344,113
2015-12-20 17:03:34.584490,97
2015-12-20 17:03:34.595212,116
2015-12-20 17:03:34.605796,93
2015-12-20 17:03:34.621688,105
2015-12-20 17:03:34.634018,113
2015-12-20 17:03:34.644366,110
2015-12-20 17:03:34.656452,100
2015-12-20 17:03:34.667424,105
2015-12-20 17:03:34.678082,107
2015-12-20 17:03:34.688311,107
2015-12-20 17:03:34.699408,111
2015-12-20 17:03:34.711931,120
2015-12-20 17:03:34.725403,102
2015-12-20 17:03:34.736283,95
2015-12-20 17:03:34.746434,105
2015-12-20 17:03:34.756984,112
2015-12-20 17:03:34.767798,114
2015-12-20 17:03:34.782408,105
2015-12-20 17:03:34.792583,97
2015-12-20 17:03:34.805318,106
2015-12-20 17:03:34.817088,105
2015-12-20 17:03:34.828269,105
2015-12-20 17:03:34.838690,109
2015-12-20 17:03:34.851092,106
2015-12-20 17:03:34.861421,109
2015-12-20 17:03:34.871834,107
2015-12-20 17:03:34.883733,100
2015-12-20 17:03:34.896433,106
2015-12-20 17:03:34.908329,118
2015-12-20 17:03:34.918623,101
2015-12-20 17:03:34.931987,107
2015-12-20 17:03:34.944703,96
2015-12-20 17:03:34.955028,89
2015-12-20 17:03:34.965262,103
2015-12-20 17:03:34.975874,115
2015-12-20 17:03:34.987050,116
2015-12-20 17:03:34.998544,109
2015-12-20 17:03:35.008845,110
2015-12-20 17:03:35.019268,112
2015-12-20 17:03:35.031183,114
2015-12-20 17:03:35.043610,113
2015-12-20 17:03:35.056477,112
2015-12-20 17:03:35.066855,106
2015-12-20 17:03:35.080336,102
2015-12-20 17:03:35.093033,92
2015-12-20 17:03:35.104256,96
2015-12-20 17:03:35.114520,102
2015-12-20 17:03:35.128660,110
2015-12-20 17:03:35.138880,98
2015-12-20 17:03:35.150059,108
2015-12-20 17:03:35.161867,115
2015-12-20 17:03:35.175736,112
2015-12-20 17:03:35.186465,107
2015-12-20 17:03:35.196588,105
2015-12-20 17:03:35.207440,118
2015-12-20 17:03:35.218209,106
2015-12-20 17:03:35.232818,90
2015-12-20 17:03:35.242941,111
2015-12-20 17:03:35.255648,94
2015-12-20 17:03:35.265924,93
2015-12-20 17:03:35.281070,94
2015-12-20 17:03:35.292282,102
2015-12-20 17:03:35.305098,96
2015-12-20 17:03:35.315740,89
2015-12-20 17:03:35.329629,104
2015-12-20 17:03:35.339858,115
2015-12-20 17:03:35.350648,107
2015-12-20 17:03:35.361414,97
2015-12-20 17:03:35.375268,102
2015-12-20 17:03:35.387514,105
2015-12-20 17:03:35.400296,102
2015-12-20 17:03:35.410955,117
2015-12-20 17:03:35.424416,109
2015-12-20 17:03:35.436699,105
2015-12-20 17:03:35.446907,92
2015-12-20 17:03:35.457487,98
2015-12-20 17:03:35.467853,94
2015-12-20 17:03:35.479264,99
2015-12-20 17:03:35.489468,110
2015-12-20 17:03:35.501099,110
2015-12-20 17:03:35.511526,112
2015-12-20 17:03:35.527691,108
2015-12-20 17:03:35.538105,107
2015-12-20 17:03:35.548362,103
2015-12-20 17:03:35.558906,118
2015-12-20 17:03:35.577098,116
2015-12-20 17:03:35.587625,121
2015-12-20 17:03:35.597882,115
2015-12-20 17:03:35.609016,112
2015-12-20 17:03:35.625572,85
2015-12-20 17:03:35.636637,93
2015-12-20 17:03:35.646866,92
2015-12-20 17:03:35.658271,89
2015-12-20 17:03:35.674017,90
2015-12-20 17:03:35.684631,89
2015-12-20 17:03:35.694997,101
2015-12-20 17:03:35.705409,111
2015-12-20 17:03:35.723397,106
